-- phpMyAdmin SQL Dump
-- version 4.2.7.1
-- http://www.phpmyadmin.net
--
-- T_Client :  localhost
-- Généré le :  Lun 02 Octobre 2023 à 12:16
-- Version du serveur :  5.6.20-log
-- Version de PHP :  5.4.31

SET SQL_MODE = "NO_AUTO_VALUE_ON_ZERO";
SET time_zone = "+00:00";
-- Base de données :  `DB_cinema`
--
DROP DATABASE IF EXISTS `DB_cinema`;
CREATE DATABASE IF NOT EXISTS `DB_cinema` DEFAULT CHARACTER SET utf8 COLLATE utf8_general_ci;
USE `DB_cinema`;

-- --------------------------------------------------------



-- --------------------------------------------------------

--
-- Structure de la table `T_client`
--

CREATE TABLE T_Client(
   IDClient INT AUTO_INCREMENT,
   Nom VARCHAR(50) NOT NULL,
   Prenom VARCHAR(50) NOT NULL,
   NumTel VARCHAR(15) NOT NULL,
   PRIMARY KEY(IDClient)
);


--
-- Contenu de la table `T_client`
--

INSERT INTO `T_client` (`IDClient`, `Nom`, `Prenom`, `NumTel`) VALUES
(1, 'Yashaev', 'Gaïa', '918 822 3200'),
(2, 'Nussey', 'Salomé', '975 730 7222'),
(3, 'Checo', 'Eléonore', '918 639 8834'),
(4, 'Rocks', 'Eloïse', '201 488 4627'),
(5, 'Vane', 'Märta', '985 993 6734'),
(6, 'Dale', 'Anaé', '688 576 3533'),
(7, 'Hatchett', 'Sòng', '608 834 1141'),
(8, 'Garken', 'Geneviève', '244 628 6742'),
(9, 'Whetnell', 'Stévina', '271 490 7183'),
(10, 'Glennie', 'Aloïs', '475 469 1174'),
(11, 'Cowdroy', 'Pò', '741 229 3722'),
(12, 'Iddens', 'Séverine', '427 173 9411'),
(13, 'Rubinfeld', 'Maëlann', '290 676 0663'),
(14, 'Templman', 'Lén', '332 528 0855'),
(15, 'Rollings', 'Océanne', '543 465 7633'),
(16, 'Madgett', 'Camélia', '721 375 5923'),
(17, 'McGarrell', 'Ophélie', '574 596 0370'),
(18, 'Hartnup', 'Mélanie', '185 218 9797'),
(19, 'Ancliffe', 'Magdalène', '779 652 5560'),
(20, 'Blacklock', 'Andréanne', '489 618 9558'),
(21, 'Goodrum', 'Zoé', '833 687 7976'),
(22, 'Dobinson', 'Åke', '116 374 3560'),
(23, 'Maty', 'Estée', '564 431 4792'),
(24, 'Loggie', 'Irène', '691 127 2059'),
(25, 'Janko', 'Estève', '505 607 7291'),
(26, 'Chopin', 'Inès', '190 746 3873'),
(27, 'Lane', 'Méline', '159 479 8700'),
(28, 'Tineman', 'Angélique', '206 830 2845'),
(29, 'Gregine', 'Mélanie', '495 211 1189'),
(30, 'Enriquez', 'Clémence', '954 193 3201'),
(31, 'Phillott', 'Maëlann', '975 669 5721'),
(32, 'Stennes', 'André', '430 963 9309'),
(33, 'Turrell', 'Gaétane', '753 700 7775'),
(34, 'Swalteridge', 'Åslög', '852 911 4300'),
(35, 'Whiteman', 'Gösta', '414 723 1352'),
(36, 'Enever', 'Bécassine', '831 390 8181'),
(37, 'Cazereau', 'Görel', '650 660 5481'),
(38, 'Lorman', 'Salomé', '195 756 6096'),
(39, 'Sparwell', 'Estève', '878 152 3097'),
(40, 'Gruczka', 'Adélaïde', '645 679 8830'),
(41, 'Audsley', 'Wá', '747 102 6824'),
(42, 'Jatczak', 'Annotés', '279 990 1612'),
(43, 'Scrooby', 'Tú', '751 852 1622'),
(44, 'Jouannisson', 'Océanne', '273 702 4232'),
(45, 'Shory', 'Méline', '727 518 5373'),
(46, 'Blondelle', 'Clémence', '435 638 3444'),
(47, 'Varnham', 'Renée', '135 706 8417'),
(48, 'Feasley', 'Anaé', '244 632 5961'),
(49, 'Bridge', 'Lauréna', '593 947 9585'),
(50, 'Haistwell', 'Mélinda', '556 427 8054'),
(51, 'Spurdens', 'Lorène', '232 918 7133'),
(52, 'Fishley', 'Athéna', '291 347 1944'),
(53, 'Point', 'Dorothée', '417 427 6650'),
(54, 'Maso', 'Björn', '235 469 0727'),
(55, 'Cadwell', 'Thérèse', '834 623 5902'),
(56, 'Flintiff', 'Tú', '421 994 7701'),
(57, 'Praten', 'Edmée', '482 781 8481'),
(58, 'McMenamin', 'Aí', '246 983 1189'),
(59, 'Glason', 'Intéressant', '887 790 4945'),
(60, 'Helin', 'Nadège', '141 132 2354'),
(61, 'McBride', 'Mélia', '660 739 9626'),
(62, 'Nevill', 'Marie-hélène', '917 629 1917'),
(63, 'Kern', 'Anaé', '861 197 2640'),
(64, 'Sowray', 'Anaëlle', '214 278 1448'),
(65, 'Kneeshaw', 'Maëlla', '710 419 1591'),
(66, 'McNair', 'Océane', '570 750 8421'),
(67, 'Alexander', 'Méghane', '784 962 8173'),
(68, 'Corteis', 'Thérèsa', '459 762 7395'),
(69, 'Crisall', 'Irène', '684 473 3742'),
(70, 'Suche', 'Solène', '777 128 2174'),
(71, 'ducarme', 'Valérie', '260 557 3291'),
(72, 'Yakovich', 'Simplifiés', '314 248 0250'),
(73, 'Bysshe', 'Annotés', '855 883 9099'),
(74, 'Hebden', 'Gérald', '920 642 1424'),
(75, 'Rothera', 'Séréna', '936 710 5101'),
(76, 'Jans', 'Laurène', '431 237 1155'),
(77, 'Older', 'Maïté', '301 604 1295'),
(78, 'Scarman', 'Aí', '249 536 1152'),
(79, 'Colliver', 'Miléna', '385 618 5357'),
(80, 'Dominicacci', 'Inès', '182 786 9434'),
(81, 'Lodo', 'Eliès', '289 369 3037'),
(82, 'Mattingley', 'Aurélie', '517 987 0958'),
(83, 'Mark', 'Cécilia', '763 757 9921'),
(84, 'Witherop', 'Kù', '237 228 7422'),
(85, 'Birchner', 'Anaïs', '237 314 1123'),
(86, 'Bowerman', 'Uò', '370 320 0497'),
(87, 'Quipp', 'Yénora', '808 886 2189'),
(88, 'Keller', 'Publicité', '323 453 4069'),
(89, 'Godleman', 'Geneviève', '817 694 6583'),
(90, 'Edgeon', 'Loïca', '573 635 3285'),
(91, 'Castagnasso', 'Séréna', '205 184 4809'),
(92, 'Audley', 'Björn', '696 895 5216'),
(93, 'Hitchens', 'Yú', '475 374 7931'),
(94, 'Balls', 'Célia', '919 331 2908'),
(95, 'MacDonnell', 'Anaël', '138 930 3337'),
(96, 'Yakovlev', 'Audréanne', '345 899 1924'),
(97, 'Mitrikhin', 'Maïlys', '422 362 3540'),
(98, 'Denisovich', 'Andréanne', '502 713 8006'),
(99, 'Macellar', 'Erwéi', '152 782 7384'),
(100, 'Cureton', 'Naëlle', '370 770 7056'),
(101, 'Kealy', 'Mélys', '689 477 5903'),
(102, 'Skelly', 'Maëlla', '146 682 3158'),
(103, 'Flanders', 'Annotée', '355 216 6275'),
(104, 'Reeme', 'Mégane', '561 536 0801'),
(105, 'Sidnell', 'Méng', '574 349 3336'),
(106, 'Reddin', 'Personnalisée', '657 240 4633'),
(107, 'Bachs', 'Andrée', '189 202 1832'),
(108, 'Denington', 'Séréna', '438 974 3917'),
(109, 'Kerton', 'Wá', '396 194 5881'),
(110, 'Bertomier', 'Adèle', '162 401 2903'),
(111, 'Brumble', 'Maëlle', '347 874 1958'),
(112, 'Jantzen', 'Lén', '628 882 9207'),
(113, 'Soames', 'Adélie', '232 494 5695'),
(114, 'Flatte', 'Nuó', '738 909 6583'),
(115, 'Mifflin', 'Valérie', '433 268 4362'),
(116, 'O''Scollain', 'Salomé', '822 683 3926'),
(117, 'Smetoun', 'Vénus', '684 943 2365'),
(118, 'Bowser', 'Måns', '785 819 9164'),
(119, 'Achurch', 'Yóu', '776 814 4860'),
(120, 'Magill', 'Maéna', '149 925 5148'),
(121, 'Rheubottom', 'Bérangère', '811 604 1216'),
(122, 'Flinders', 'Judicaël', '236 270 2859'),
(123, 'Caffin', 'Lyséa', '136 487 1068'),
(124, 'Cuckson', 'Görel', '645 973 8820'),
(125, 'Mulqueen', 'Chloé', '185 936 4284'),
(126, 'Rolling', 'Gaétane', '195 253 3443'),
(127, 'Nellen', 'Méthode', '469 404 5466'),
(128, 'Whittington', 'Adèle', '540 674 7804'),
(129, 'Acum', 'Clémentine', '950 966 6358'),
(130, 'Clouter', 'Adélaïde', '852 828 8324'),
(131, 'Oakton', 'Annotés', '180 691 5906'),
(132, 'Aylott', 'Léandre', '417 364 2991'),
(133, 'Wainwright', 'Björn', '903 604 5320'),
(134, 'Plampeyn', 'Loïca', '233 853 8805'),
(135, 'Hollibone', 'Maëline', '853 524 1339'),
(136, 'Castanos', 'Annotés', '904 188 3581'),
(137, 'Ginnety', 'Bérengère', '865 695 5049'),
(138, 'Eastmond', 'Régine', '749 311 3645'),
(139, 'Tuffrey', 'Kévina', '616 613 1576'),
(140, 'Bloxsom', 'Renée', '560 923 6709'),
(141, 'Kumaar', 'Maëlyss', '140 333 7736'),
(142, 'Harber', 'Cléopatre', '943 442 0355'),
(143, 'Markussen', 'Björn', '260 911 1862'),
(144, 'Korn', 'Méthode', '465 658 9157'),
(145, 'Gencke', 'Uò', '781 303 0093'),
(146, 'Shuter', 'Léonie', '113 455 8024'),
(147, 'Loddy', 'Agnès', '606 142 2066'),
(148, 'Humberstone', 'Erwéi', '391 104 8412'),
(149, 'Jurries', 'Lén', '229 365 0021'),
(150, 'Garbett', 'Lén', '626 305 9034'),
(151, 'Connechy', 'Maëly', '797 469 8896'),
(152, 'Ziemen', 'Liè', '206 328 7115'),
(153, 'Copcote', 'Gösta', '580 253 7074'),
(154, 'Petruk', 'Maïté', '793 837 7258'),
(155, 'Sunter', 'Aí', '956 997 1598'),
(156, 'Ilyinski', 'Stévina', '359 786 3694'),
(157, 'Adamkiewicz', 'Maëly', '153 910 7597'),
(158, 'Sloss', 'Méng', '732 410 7945'),
(159, 'Ortiga', 'Bérangère', '489 216 3911'),
(160, 'Petroulis', 'Håkan', '457 950 5578'),
(161, 'Bretherick', 'Yú', '743 973 8221'),
(162, 'Durtnall', 'Daphnée', '674 885 0541'),
(163, 'Rubega', 'Esbjörn', '510 218 8034'),
(164, 'Garber', 'Yáo', '940 306 6842'),
(165, 'Winthrop', 'Marie-hélène', '657 853 7723'),
(166, 'Mattiassi', 'Pénélope', '545 454 0477'),
(167, 'Scottesmoor', 'Lén', '815 845 1764'),
(168, 'Deeley', 'Maëlyss', '331 378 5181'),
(169, 'Garland', 'Mélia', '321 897 1089'),
(170, 'Anthonsen', 'Cléa', '870 563 5655'),
(171, 'Doreward', 'Åke', '144 400 3102'),
(172, 'Burrell', 'Néhémie', '981 387 1455'),
(173, 'Cullotey', 'Yénora', '517 907 3365'),
(174, 'Normanvell', 'Maïwenn', '644 631 1890'),
(175, 'Hessenthaler', 'Angèle', '974 840 6791'),
(176, 'MacKnockiter', 'Marlène', '766 462 1148'),
(177, 'Jesteco', 'Maëly', '251 271 6813'),
(178, 'Itshak', 'Adélie', '425 214 1031'),
(179, 'Lishmund', 'Médiamass', '948 314 5793'),
(180, 'Alyukin', 'Hélèna', '104 500 6723'),
(181, 'Forber', 'Ruò', '231 287 2633'),
(182, 'Spackman', 'Josée', '901 506 2523'),
(183, 'Ginman', 'Cécile', '870 610 7796'),
(184, 'Gulliman', 'Angèle', '320 231 4110'),
(185, 'Kitchin', 'Gwenaëlle', '620 964 1734'),
(186, 'Salliss', 'Göran', '620 574 1875'),
(187, 'Ivons', 'Marie-thérèse', '561 774 1846'),
(188, 'Gorring', 'Annotés', '799 566 9614'),
(189, 'Lumox', 'Uò', '571 681 9373'),
(190, 'Tennison', 'Loïca', '574 583 7262'),
(191, 'Normadell', 'Aí', '303 899 5592'),
(192, 'Addy', 'Naëlle', '415 799 3161'),
(193, 'Corbally', 'Eléa', '133 581 4876'),
(194, 'Strivens', 'Lyséa', '528 771 6092'),
(195, 'Bradfield', 'Crééz', '317 931 6598'),
(196, 'McSperrin', 'Publicité', '949 947 2683'),
(197, 'Kyme', 'Marie-josée', '747 281 9646'),
(198, 'Reuble', 'Eugénie', '108 884 5357'),
(199, 'Bagster', 'Loïca', '292 150 5188'),
(200, 'Gytesham', 'Noémie', '607 851 1121'),
(201, 'Siddle', 'Léonore', '556 981 4915'),
(202, 'Evins', 'Zoé', '840 214 6521'),
(203, 'Clissold', 'Ruì', '206 965 6852'),
(204, 'Burniston', 'Angèle', '249 755 0631'),
(205, 'Tims', 'Pål', '343 414 7385'),
(206, 'Duchateau', 'Danièle', '711 516 4063'),
(207, 'Goadsby', 'Néhémie', '993 849 3123'),
(208, 'Showl', 'Estève', '503 924 9749'),
(209, 'Turneux', 'Léa', '673 199 4085'),
(210, 'Bartali', 'Mélissandre', '605 238 7392'),
(211, 'Seid', 'Bénédicte', '934 303 9687'),
(212, 'Strugnell', 'Méline', '352 200 6461'),
(213, 'Udall', 'Maëlann', '363 333 9817'),
(214, 'Champley', 'Personnalisée', '503 723 1461'),
(215, 'Rookledge', 'Sòng', '932 276 2684'),
(216, 'Ottery', 'Mégane', '818 558 6107'),
(217, 'de Leon', 'Médiamass', '513 311 9431'),
(218, 'Lapley', 'Eugénie', '853 746 4998'),
(219, 'Thoumas', 'Anaïs', '334 427 8666'),
(220, 'Torvey', 'Torbjörn', '887 818 7164'),
(221, 'Mackerel', 'Inès', '368 327 5037'),
(222, 'Bardsley', 'Estève', '564 286 9954'),
(223, 'Emeney', 'Hélène', '602 908 3764'),
(224, 'Moden', 'Dorothée', '776 292 1880'),
(225, 'Visco', 'Zhì', '394 436 4720'),
(226, 'Mullineux', 'Géraldine', '641 422 3909'),
(227, 'Kolis', 'Bénédicte', '503 129 8646'),
(228, 'Henke', 'Noëlla', '572 386 6155'),
(229, 'Biddlestone', 'Magdalène', '797 764 8836'),
(230, 'Vanyatin', 'Dù', '395 900 1840'),
(231, 'Dinneen', 'Michèle', '129 130 1990'),
(232, 'Challender', 'Gaïa', '556 188 6713'),
(233, 'Tufts', 'Mélina', '411 320 6866'),
(234, 'Tommasetti', 'Véronique', '918 713 3976'),
(235, 'Blaker', 'Yáo', '943 125 8350'),
(236, 'Willcocks', 'Maïté', '539 199 4662'),
(237, 'Clarkson', 'Mélina', '401 167 5221'),
(238, 'Leathley', 'Danièle', '575 821 6536'),
(239, 'Leggin', 'Marie-françoise', '602 171 5744'),
(240, 'Feldhuhn', 'Cléa', '470 307 5340'),
(241, 'Jefferson', 'Bérangère', '212 651 8272'),
(242, 'Lloyds', 'Vénus', '862 808 3178'),
(243, 'Rudman', 'Publicité', '913 617 6430'),
(244, 'Pinsent', 'Táng', '812 340 8571'),
(245, 'Rowswell', 'Mélodie', '946 307 3842'),
(246, 'Vogl', 'Kù', '376 769 3458'),
(247, 'Maddams', 'Andrée', '806 270 9502'),
(248, 'O''Cosgra', 'Marie-ève', '958 196 6687'),
(249, 'Jakoubek', 'Judicaël', '622 826 6491'),
(250, 'Gaze', 'Yè', '667 930 4053'),
(251, 'Guly', 'Lén', '265 893 0982'),
(252, 'Oliva', 'Eloïse', '373 988 7008'),
(253, 'Piris', 'Léa', '423 344 1363'),
(254, 'Antic', 'Annotés', '187 519 9843'),
(255, 'Heigl', 'Judicaël', '442 364 1239'),
(256, 'Nicolls', 'Eliès', '755 610 8773'),
(257, 'Whieldon', 'Stévina', '878 347 3707'),
(258, 'Franckton', 'Léandre', '567 867 9961'),
(259, 'Bevis', 'Célestine', '615 572 0782'),
(260, 'Raper', 'Anaé', '853 134 7603'),
(261, 'Witz', 'Michèle', '226 387 8173'),
(262, 'Gathwaite', 'Esbjörn', '677 226 2037'),
(263, 'Witsey', 'Rébecca', '314 968 2278'),
(264, 'Berger', 'Görel', '865 349 9303'),
(265, 'Rugiero', 'Stéphanie', '910 327 4095'),
(266, 'Fritchly', 'Célestine', '921 727 9288'),
(267, 'Banton', 'Céline', '312 518 4465'),
(268, 'Ratazzi', 'Yénora', '517 634 1008'),
(269, 'Clemenceau', 'Anaël', '202 451 0802'),
(270, 'Cornock', 'Åslög', '742 715 0712'),
(271, 'Rosewell', 'Andrée', '260 916 4606'),
(272, 'Redley', 'Maëlann', '931 972 4362'),
(273, 'Fenelon', 'Stévina', '278 859 0772'),
(274, 'Spellissy', 'Görel', '528 687 5256'),
(275, 'Balcon', 'Angélique', '505 820 7772'),
(276, 'Nelthropp', 'Mégane', '454 627 4369'),
(277, 'Sawer', 'Maïlys', '889 154 2432'),
(278, 'Routley', 'Mélissandre', '235 291 8270'),
(279, 'L'' Estrange', 'Véronique', '628 149 3701'),
(280, 'McTrustie', 'Béatrice', '750 929 0811'),
(281, 'Selman', 'Gösta', '294 292 6506'),
(282, 'MacAlees', 'Josée', '922 120 7040'),
(283, 'Wetter', 'Naéva', '595 810 9917'),
(284, 'Massot', 'Salomé', '803 994 0170'),
(285, 'Vasyutichev', 'Magdalène', '129 473 6708'),
(286, 'Currall', 'Illustrée', '103 182 4464'),
(287, 'Billyeald', 'Andréa', '792 973 0870'),
(288, 'Gillam', 'Vénus', '980 275 6117'),
(289, 'Gligori', 'Yóu', '795 729 9862'),
(290, 'Worham', 'Aí', '515 631 3161'),
(291, 'Kippax', 'Fèi', '114 935 3609'),
(292, 'Giraudel', 'Camélia', '273 409 7988'),
(293, 'Rackstraw', 'Lài', '962 366 9965'),
(294, 'Ertel', 'Ophélie', '372 619 5590'),
(295, 'Djekic', 'Daphnée', '578 205 4798'),
(296, 'Johl', 'Desirée', '612 239 2083'),
(297, 'Nisco', 'Océanne', '996 976 2036'),
(298, 'Kem', 'Gaïa', '821 733 5293'),
(299, 'Jendrusch', 'Eléonore', '717 639 2441'),
(300, 'Vedeneev', 'Personnalisée', '641 650 0027'),
(301, 'Durman', 'Maëlle', '603 742 6362'),
(302, 'Petrulis', 'Faîtes', '743 768 3344'),
(303, 'Fillan', 'Marlène', '150 934 9919'),
(304, 'Ogilvy', 'Börje', '359 909 0772'),
(305, 'Truter', 'Josée', '688 509 5378'),
(306, 'Johnston', 'Solène', '512 303 4126'),
(307, 'Rippin', 'Garçon', '337 350 8870'),
(308, 'Jefferys', 'Zhì', '701 157 9631'),
(309, 'Jonk', 'Anaël', '884 934 5739'),
(310, 'Zorzutti', 'Edmée', '406 151 2772'),
(311, 'Brimner', 'Märta', '358 818 1909'),
(312, 'Reucastle', 'Almérinda', '352 339 3322'),
(313, 'Freeman', 'Börje', '157 139 9537'),
(314, 'Jarville', 'Kévina', '921 884 0178'),
(315, 'McLeese', 'Zoé', '197 358 0644'),
(316, 'Carberry', 'Kuí', '105 394 5066'),
(317, 'Pickles', 'Cléa', '319 927 3265'),
(318, 'Clouston', 'Yénora', '321 999 1090'),
(319, 'Darco', 'Crééz', '979 338 5841'),
(320, 'Goroni', 'Séréna', '731 873 1331'),
(321, 'Penman', 'Maëly', '860 454 3591'),
(322, 'Faull', 'Jú', '605 118 4693'),
(323, 'Onn', 'Clélia', '999 738 4434'),
(324, 'Edwinson', 'Naëlle', '702 465 8029'),
(325, 'Ubank', 'Göran', '255 841 0730'),
(326, 'Thebes', 'Cléa', '354 191 5212'),
(327, 'Linde', 'Méryl', '719 999 5440'),
(328, 'Sevitt', 'Noëlla', '617 677 7137'),
(329, 'Sigart', 'Méthode', '474 991 6725'),
(330, 'Cranke', 'Marie-françoise', '225 321 3620'),
(331, 'Christoforou', 'Clémentine', '472 149 2396'),
(332, 'Zorzin', 'Nuó', '331 674 3194'),
(333, 'Benfield', 'Céline', '127 434 2789'),
(334, 'Kernley', 'Laurélie', '404 290 0063'),
(335, 'Saph', 'Marie-ève', '929 756 2362'),
(336, 'Daniellot', 'Célestine', '873 842 3517'),
(337, 'Godar', 'Åsa', '433 475 7956'),
(338, 'Branche', 'Rébecca', '760 165 4182'),
(339, 'McCheyne', 'Dù', '922 919 1601'),
(340, 'Greaterex', 'Salomé', '557 750 3860'),
(341, 'Gamage', 'Lyséa', '455 722 4087'),
(342, 'Howlin', 'Hélèna', '297 602 0963'),
(343, 'McKenna', 'Irène', '346 455 0581'),
(344, 'Crummy', 'Yú', '386 854 6651'),
(345, 'Howarth', 'Dorothée', '926 393 0206'),
(346, 'Keuneke', 'Gösta', '975 400 3763'),
(347, 'Gerhold', 'Görel', '548 909 9486'),
(348, 'Longhi', 'Mélina', '683 283 7942'),
(349, 'Foakes', 'Léane', '873 758 1095'),
(350, 'Kares', 'Mélodie', '273 338 6600'),
(351, 'Dagless', 'Maïlys', '620 797 2477'),
(352, 'Pinshon', 'Simplifiés', '533 383 6129'),
(353, 'Helliwell', 'Amélie', '575 690 3874'),
(354, 'Kubat', 'Maïté', '112 444 3384'),
(355, 'Asp', 'Eléonore', '625 257 1547'),
(356, 'Nehlsen', 'Marylène', '688 160 7165'),
(357, 'Janauschek', 'Mélanie', '698 441 9111'),
(358, 'MacClancey', 'Nuó', '890 306 0588'),
(359, 'Robertet', 'Maëlle', '744 790 4129'),
(360, 'Lockyear', 'Mà', '557 146 3098'),
(361, 'Newham', 'Maëline', '769 882 4076'),
(362, 'Blacker', 'Nadège', '229 599 4983'),
(363, 'Bysshe', 'Marie-thérèse', '585 334 9630'),
(364, 'Walter', 'Pål', '704 885 6001'),
(365, 'Skedgell', 'Zoé', '981 306 6819'),
(366, 'Buckberry', 'Aloïs', '631 937 0902'),
(367, 'Henrichsen', 'Chloé', '750 689 4379'),
(368, 'Ashfull', 'Åsa', '841 468 3341'),
(369, 'Rosenbush', 'Céline', '540 125 2730'),
(370, 'Griston', 'Maïwenn', '255 776 0148'),
(371, 'Witt', 'Loïca', '901 920 4737'),
(372, 'Dun', 'Pénélope', '244 961 5540'),
(373, 'Jursch', 'Sòng', '856 595 5868'),
(374, 'Hazelgrove', 'Andrée', '295 417 2366'),
(375, 'Tolley', 'Yóu', '982 734 6086'),
(376, 'Meere', 'Gwenaëlle', '500 136 5767'),
(377, 'Christofle', 'Cléa', '909 930 1616'),
(378, 'McGilmartin', 'Clémentine', '885 886 7867'),
(379, 'Kennington', 'Estée', '448 706 4168'),
(380, 'Friedman', 'Sélène', '689 356 9949'),
(381, 'Revens', 'Eléonore', '193 133 0435'),
(382, 'Troucher', 'Méng', '741 188 7488'),
(383, 'Comrie', 'Laïla', '982 743 3317'),
(384, 'Atwater', 'Magdalène', '588 830 4551'),
(385, 'Flaherty', 'Miléna', '789 524 2396'),
(386, 'Basketfield', 'Zoé', '427 520 9346'),
(387, 'Dulake', 'Célestine', '674 152 8219'),
(388, 'Proudlove', 'Mélia', '602 443 1924'),
(389, 'Turfrey', 'Estée', '936 974 9647'),
(390, 'Diperaus', 'Annotés', '367 993 2255'),
(391, 'Fawltey', 'Håkan', '364 315 1378'),
(392, 'Branson', 'Publicité', '717 100 5538'),
(393, 'De La Coste', 'Anaïs', '449 539 2403'),
(394, 'Quennell', 'Håkan', '985 921 3445'),
(395, 'Buffin', 'Alizée', '129 278 6917'),
(396, 'Clemerson', 'Estée', '977 131 8006'),
(397, 'Rozzier', 'Gösta', '416 943 2244'),
(398, 'Bannell', 'Nélie', '370 122 7732'),
(399, 'Giamitti', 'Bérengère', '691 287 7805'),
(400, 'Klugel', 'Gisèle', '246 205 7235'),
(401, 'Shakeshaft', 'Loïs', '717 886 7191'),
(402, 'Ventura', 'Célia', '980 144 5249'),
(403, 'Kopacek', 'Táng', '385 598 7636'),
(404, 'Staley', 'Annotés', '431 892 6750'),
(405, 'Sappson', 'Maïté', '656 767 7062'),
(406, 'Guitonneau', 'Björn', '136 483 1345'),
(407, 'Giggs', 'Audréanne', '897 691 6923'),
(408, 'Donnison', 'Miléna', '823 864 5518'),
(409, 'Shard', 'Mén', '635 514 4829'),
(410, 'Sproston', 'Laurène', '100 616 0130'),
(411, 'Dowdney', 'Ráo', '826 693 0998'),
(412, 'Lobb', 'Bérengère', '863 279 5220'),
(413, 'Slowly', 'Thérèse', '424 548 9181'),
(414, 'Kingwell', 'Méghane', '172 986 8754'),
(415, 'Willatts', 'Aurélie', '437 119 8851'),
(416, 'Haverson', 'Réservés', '693 799 6687'),
(417, 'Bleackley', 'Bérengère', '336 404 7466'),
(418, 'Gini', 'Lucrèce', '384 559 2775'),
(419, 'Olechnowicz', 'Marie-françoise', '975 316 9722'),
(420, 'Crudgington', 'Esbjörn', '861 124 0775'),
(421, 'Skelcher', 'Gisèle', '122 311 8033'),
(422, 'Warrener', 'Torbjörn', '859 723 6966'),
(423, 'Rizzone', 'Clémence', '419 991 5856'),
(424, 'Beekman', 'Loïs', '338 311 3845'),
(425, 'Folkerts', 'Loïc', '578 657 8064'),
(426, 'Sterman', 'Börje', '803 498 8847'),
(427, 'Reddlesden', 'Athéna', '236 623 3593'),
(428, 'Creamen', 'Anaïs', '302 144 2765'),
(429, 'Hamby', 'Östen', '714 414 3613'),
(430, 'Gianetti', 'Solène', '163 376 2438'),
(431, 'Ranby', 'Félicie', '732 859 5592'),
(432, 'Botley', 'Börje', '394 256 4402'),
(433, 'Iacobucci', 'Lén', '335 653 9335'),
(434, 'Petracco', 'Régine', '755 563 4473'),
(435, 'Kingsnorth', 'Stéphanie', '412 330 1456'),
(436, 'Geere', 'Laurélie', '586 962 1852'),
(437, 'Gebuhr', 'Intéressant', '119 368 6189'),
(438, 'Bacchus', 'Maïlis', '934 549 5843'),
(439, 'Epton', 'Vénus', '583 685 5039'),
(440, 'Tute', 'Françoise', '927 151 5239'),
(441, 'Booth', 'Marie-noël', '939 421 0259'),
(442, 'Guilloud', 'Gérald', '147 737 8916'),
(443, 'Gribben', 'Léandre', '443 367 1024'),
(444, 'Maybury', 'Ruò', '933 532 9482'),
(445, 'Hallock', 'Michèle', '563 648 9563'),
(446, 'Ferrao', 'Marie-thérèse', '489 268 3249'),
(447, 'Quogan', 'Noëlla', '626 182 0328'),
(448, 'Oman', 'Faîtes', '538 144 4749'),
(449, 'Hubbuck', 'Gaëlle', '667 664 2369'),
(450, 'Hirsthouse', 'Kuí', '680 341 7649'),
(451, 'Hedditeh', 'Intéressant', '947 154 9329'),
(452, 'Giacomi', 'Solène', '117 965 2875'),
(453, 'Hiers', 'Maïlys', '803 805 6722'),
(454, 'Pettican', 'Ruì', '285 797 6686'),
(455, 'Dillamore', 'Bécassine', '871 985 3303'),
(456, 'Meighan', 'Agnès', '816 927 1023'),
(457, 'Cloughton', 'Léa', '664 474 0001'),
(458, 'Smith', 'Edouard', '078 934 32 98'),
(459, 'Renowden', 'Félicie', '171 485 3346'),
(460, 'Rizzotto', 'Pélagie', '980 488 4774'),
(461, 'Barstock', 'Cléopatre', '871 177 1031'),
(462, 'Attoc', 'Cloé', '990 637 7036'),
(463, 'Ridley', 'Görel', '950 792 2390'),
(464, 'Stubbings', 'Daphnée', '915 879 6961'),
(465, 'Blackham', 'Véronique', '948 786 2682'),
(466, 'Zuppa', 'Personnalisée', '572 915 1648'),
(467, 'Riggeard', 'Liè', '714 659 6256'),
(468, 'Orring', 'Michèle', '729 677 3404'),
(469, 'Loines', 'Börje', '851 726 3869'),
(470, 'Ashenhurst', 'Lèi', '874 430 6984'),
(471, 'Kaley', 'Crééz', '126 948 0603'),
(472, 'Omand', 'Camélia', '365 746 4334'),
(473, 'Killelea', 'Tú', '350 729 9467'),
(474, 'Palombi', 'Lóng', '895 792 2462'),
(475, 'Bodsworth', 'Dà', '385 324 1582'),
(476, 'Medland', 'Lorène', '432 906 5053'),
(477, 'Claus', 'Wá', '417 974 1999'),
(478, 'Cullity', 'Maëlla', '869 389 4473'),
(479, 'Ingolotti', 'Athéna', '485 620 2666'),
(480, 'Tunnah', 'Åke', '533 152 7626'),
(481, 'Crennell', 'Maï', '666 552 6773'),
(482, 'Tibbles', 'Åsa', '324 229 4639'),
(483, 'Joder', 'Léonie', '725 568 3831'),
(484, 'Baldoni', 'Mylène', '514 309 2853'),
(485, 'Weinham', 'Frédérique', '674 114 2595'),
(486, 'Jerzyk', 'Liè', '102 536 8210'),
(487, 'McLukie', 'Mélia', '876 694 2295'),
(488, 'Kleynen', 'Aloïs', '498 909 3405'),
(489, 'Garrard', 'Edmée', '744 988 3453'),
(490, 'Truse', 'Françoise', '515 961 5425'),
(491, 'Orsi', 'Camélia', '885 476 4497'),
(492, 'Luckhurst', 'Marie-noël', '306 745 1733'),
(493, 'Boman', 'Cléopatre', '850 291 1149'),
(494, 'Crees', 'Chloé', '457 309 3169'),
(495, 'Doulden', 'Audréanne', '716 931 0445'),
(496, 'Venning', 'Laurélie', '556 199 0739'),
(497, 'Roseblade', 'Léonore', '448 784 1776'),
(498, 'Watman', 'Fèi', '724 997 5180'),
(499, 'Noads', 'Lài', '896 963 3800'),
(500, 'Biffen', 'Léa', '419 777 1754'),
(501, 'Colcutt', 'Östen', '694 602 8075'),
(502, 'Heintsch', 'Athéna', '736 867 3020'),
(503, 'Jakolevitch', 'Cécilia', '192 992 9689'),
(504, 'Offen', 'Irène', '965 486 3743'),
(505, 'Laste', 'Lén', '861 619 4416'),
(506, 'Veysey', 'Lài', '157 415 9276'),
(507, 'Patington', 'Naéva', '213 557 6760'),
(508, 'Meadowcraft', 'Angèle', '114 249 0389'),
(509, 'Oddie', 'Vérane', '125 301 7871'),
(510, 'Nisbith', 'Crééz', '712 858 4273'),
(511, 'Toderini', 'Véronique', '655 649 3723'),
(512, 'Walasik', 'Illustrée', '399 195 0544'),
(513, 'Filipychev', 'Réservés', '391 407 4480'),
(514, 'Frodsam', 'Hélèna', '356 620 5050'),
(515, 'Casone', 'Yénora', '361 826 4431'),
(516, 'Seagrave', 'Kù', '567 698 3161'),
(517, 'Antoney', 'Torbjörn', '695 581 9867'),
(518, 'Ricci', 'Rachèle', '920 394 4179'),
(519, 'Ondrasek', 'Gaëlle', '420 685 6641'),
(520, 'Widd', 'Aurélie', '952 575 4377'),
(521, 'Geaves', 'Stévina', '336 746 3072'),
(522, 'Jecock', 'Léonore', '802 320 2341'),
(523, 'Maass', 'Clémence', '976 701 2310'),
(524, 'Fleming', 'Léane', '405 568 9413'),
(525, 'Baniard', 'Lèi', '197 208 1124'),
(526, 'Cisco', 'Eliès', '164 703 2507'),
(527, 'Holbie', 'Eliès', '230 985 9769'),
(528, 'Oman', 'Lorène', '296 585 7051'),
(529, 'Artingstall', 'Agnès', '506 363 8038'),
(530, 'Garoghan', 'Marie-hélène', '742 700 0246'),
(531, 'Gavini', 'Dà', '440 960 0879'),
(532, 'Woolatt', 'Bérangère', '127 835 4248'),
(533, 'Totaro', 'Anaé', '139 278 2983'),
(534, 'Verrill', 'Stévina', '379 167 9739'),
(535, 'Tweddle', 'Lyséa', '671 857 1570'),
(536, 'Major', 'Vénus', '541 103 8991'),
(537, 'Shimon', 'Pélagie', '870 919 6045'),
(538, 'Perigo', 'Michèle', '804 763 3542'),
(539, 'MacCaughey', 'Maëly', '448 934 3776'),
(540, 'Ebbles', 'Ráo', '503 148 4251'),
(541, 'Gamett', 'Maëly', '190 897 2005'),
(542, 'Prydden', 'Yáo', '656 682 8551'),
(543, 'Cicchinelli', 'Nadège', '358 375 0017'),
(544, 'Senner', 'Garçon', '943 723 7334'),
(545, 'Feeny', 'Örjan', '804 299 5597'),
(546, 'Blowfield', 'Bérénice', '276 971 5376'),
(547, 'Cathrae', 'Bérengère', '892 155 2116'),
(548, 'Aiton', 'Maëlann', '357 952 5624'),
(549, 'Duckerin', 'Méryl', '373 153 1930'),
(550, 'Rowan', 'Françoise', '792 899 9235'),
(551, 'Schwandt', 'Uò', '109 293 3960'),
(552, 'Dressel', 'Eloïse', '746 132 6804'),
(553, 'Mugleston', 'Françoise', '840 210 7690'),
(554, 'Cansdill', 'Táng', '440 142 9715'),
(555, 'Clayson', 'Noëlla', '292 328 1155'),
(556, 'Schriren', 'Marylène', '232 197 1903'),
(557, 'Quincee', 'Adèle', '509 426 9350'),
(558, 'Brosenius', 'Océane', '608 179 5912'),
(559, 'Beresfore', 'Noëlla', '626 988 2195'),
(560, 'Queyos', 'Gaëlle', '292 785 6946'),
(561, 'Jorck', 'Méthode', '596 558 9353'),
(562, 'Kilgour', 'Kù', '911 514 8839'),
(563, 'Malter', 'Séréna', '794 343 8769'),
(564, 'Saye', 'Irène', '384 399 4361'),
(565, 'Duckering', 'Adèle', '538 836 8035'),
(566, 'Clausner', 'Anaé', '707 107 8257'),
(567, 'Schimoni', 'Gaétane', '913 456 5121'),
(568, 'Wadworth', 'Bérénice', '544 536 0917'),
(569, 'Scorton', 'Maëlann', '714 276 7663'),
(570, 'Clabburn', 'Eloïse', '298 101 0328'),
(571, 'Hallett', 'Célia', '843 295 8690'),
(572, 'McGennis', 'Styrbjörn', '705 124 2393'),
(573, 'Beeby', 'Amélie', '601 523 3959'),
(574, 'Boote', 'Bérangère', '550 652 8942'),
(575, 'Turvie', 'Gaëlle', '732 574 3904'),
(576, 'Auchinleck', 'Maïté', '737 129 2601'),
(577, 'Tidey', 'Annotés', '655 792 7202'),
(578, 'Royden', 'Bénédicte', '192 110 1434'),
(579, 'McKnish', 'Mégane', '505 730 4163'),
(580, 'Allderidge', 'Adélaïde', '120 736 0394'),
(581, 'Cridlon', 'Océanne', '257 168 6375'),
(582, 'Blything', 'Rébecca', '785 236 8598'),
(583, 'Rostron', 'Mårten', '587 423 7075'),
(584, 'Joska', 'Léa', '296 156 3820'),
(585, 'Pech', 'Daphnée', '207 697 2324'),
(586, 'Densey', 'Yénora', '445 737 3262'),
(587, 'Van Geffen', 'Pénélope', '903 507 3058'),
(588, 'Maddern', 'Joséphine', '481 517 2761'),
(589, 'Laughlin', 'Ruì', '796 360 2150'),
(590, 'Kitto', 'Åke', '218 138 2989'),
(591, 'Greatland', 'Maïlys', '640 770 8241'),
(592, 'Laydon', 'Françoise', '782 517 8720'),
(593, 'Giacobelli', 'Thérèse', '600 702 5277'),
(594, 'Mc Caughen', 'Erwéi', '711 153 8379'),
(595, 'Brick', 'Gaétane', '345 239 9540'),
(596, 'Minihane', 'Maï', '269 877 2427'),
(597, 'Aronow', 'Personnalisée', '414 164 1587'),
(598, 'Haverson', 'Anaël', '159 790 4240'),
(599, 'Jossel', 'Björn', '477 528 3695'),
(600, 'Excell', 'Océane', '119 154 7540'),
(601, 'Gabbatiss', 'Publicité', '366 229 1448'),
(602, 'Perroni', 'Uò', '526 257 8984'),
(603, 'Gant', 'Inès', '581 765 3995'),
(604, 'Skinley', 'Yóu', '963 814 9695'),
(605, 'Moralis', 'Josée', '896 999 1743'),
(606, 'Beeching', 'Anaël', '119 243 1906'),
(607, 'Badsey', 'Yáo', '998 888 0041'),
(608, 'Varian', 'Estée', '789 187 5476'),
(609, 'Irlam', 'Adèle', '609 954 1194'),
(610, 'Antonoyev', 'Angélique', '753 714 3454'),
(611, 'Kline', 'Estève', '433 823 3782'),
(612, 'Caddan', 'Crééz', '288 539 4580'),
(613, 'Sauvan', 'Mélia', '673 479 8614'),
(614, 'Jacobson', 'Céline', '961 911 6034'),
(615, 'Callf', 'Dà', '281 980 8691'),
(616, 'Bohan', 'Gaëlle', '641 369 2003'),
(617, 'Doiley', 'Magdalène', '714 968 5659'),
(618, 'Dolden', 'Torbjörn', '204 965 7545'),
(619, 'Dwine', 'Béatrice', '947 179 1197'),
(620, 'Prazor', 'Béatrice', '474 151 3977'),
(621, 'Rusbridge', 'Océane', '951 393 8047'),
(622, 'Gurr', 'Lorène', '919 621 1450'),
(623, 'Loveard', 'Bénédicte', '544 160 2910'),
(624, 'Owens', 'Åke', '260 987 5744'),
(625, 'Darter', 'Laurélie', '911 940 1928'),
(626, 'Larham', 'Réservés', '575 667 3114'),
(627, 'Steels', 'Mélina', '575 849 6072'),
(628, 'Iredell', 'Pål', '780 146 3395'),
(629, 'Pavlovic', 'Bérengère', '632 534 2837'),
(630, 'Lomis', 'Åsa', '497 951 0082'),
(631, 'Tupman', 'Gwenaëlle', '741 488 8259'),
(632, 'Tredger', 'Marylène', '205 764 4609'),
(633, 'Minster', 'Marie-françoise', '663 570 9803'),
(634, 'Gianneschi', 'Publicité', '916 908 4448'),
(635, 'Deans', 'Kuí', '635 784 5412'),
(636, 'Mendel', 'Eliès', '893 933 3589'),
(637, 'Castan', 'Alizée', '986 378 3490'),
(638, 'Gilffillan', 'Lén', '234 396 7429'),
(639, 'Caldecott', 'Jú', '485 978 4249'),
(640, 'Durak', 'Fèi', '221 676 8910'),
(641, 'Bes', 'Médiamass', '176 320 0235'),
(642, 'Pettingall', 'Lucrèce', '433 123 4412'),
(643, 'Gilchrest', 'Mélinda', '172 105 1810'),
(644, 'Dumingo', 'Léone', '284 585 9042'),
(645, 'Trench', 'Loïs', '416 513 0835'),
(646, 'Handrick', 'Aimée', '525 223 8072'),
(647, 'Keppy', 'Nadège', '547 394 2920'),
(648, 'Cappleman', 'Andréanne', '739 728 1679'),
(649, 'Griswaite', 'Tán', '196 469 0039'),
(650, 'Keam', 'Laïla', '363 525 8937'),
(651, 'Medlicott', 'Réjane', '912 350 6492'),
(652, 'Dwane', 'Anaëlle', '388 711 5656'),
(653, 'Spaunton', 'Maëlla', '591 252 0281'),
(654, 'Bentinck', 'Naëlle', '873 168 1900'),
(655, 'Geere', 'Adèle', '455 831 1897'),
(656, 'Kohrs', 'Célia', '716 401 9870'),
(657, 'Possell', 'Léonie', '288 295 1958'),
(658, 'Baugham', 'Mélia', '416 250 6811'),
(659, 'Willson', 'Zoé', '891 178 9310'),
(660, 'Thurner', 'Tán', '102 479 0748'),
(661, 'McVeagh', 'Josée', '627 113 0230'),
(662, 'Coultard', 'Almérinda', '644 906 2844'),
(663, 'Waskett', 'Clémence', '833 212 6084'),
(664, 'Heaven', 'Valérie', '656 842 3823'),
(665, 'Lie', 'Zoé', '388 395 7672'),
(666, 'Jenik', 'Camélia', '761 544 9727'),
(667, 'Gorce', 'Måns', '225 843 4492'),
(668, 'Linbohm', 'Valérie', '371 168 8155'),
(669, 'Brevetor', 'Marie-françoise', '507 525 0006'),
(670, 'Hardacre', 'Lài', '363 716 8902'),
(671, 'Levermore', 'Cinéma', '524 540 3234'),
(672, 'Fontel', 'André', '193 121 5785'),
(673, 'Bangiard', 'Illustrée', '184 363 6133'),
(674, 'Balmadier', 'Frédérique', '796 250 1254'),
(675, 'Plaxton', 'Faîtes', '996 911 9614'),
(676, 'Rowler', 'Märta', '580 761 1494'),
(677, 'Gowen', 'Estée', '119 457 0183'),
(678, 'Landrick', 'Mélodie', '500 137 5409'),
(679, 'Heap', 'Gaëlle', '805 410 2874'),
(680, 'Durrad', 'Styrbjörn', '968 678 7968'),
(681, 'Concannon', 'Naéva', '519 830 0844'),
(682, 'Rankin', 'Geneviève', '734 661 9678'),
(683, 'Larroway', 'Mélys', '217 882 5476'),
(684, 'Skydall', 'Stéphanie', '593 602 4527'),
(685, 'Le Page', 'Sòng', '976 365 9211'),
(686, 'Hitscher', 'Danièle', '596 639 4042'),
(687, 'Iceton', 'Tán', '386 284 9392'),
(688, 'Devonald', 'Stévina', '498 805 3925'),
(689, 'Skillicorn', 'Styrbjörn', '224 862 5415'),
(690, 'Brisco', 'Sélène', '847 131 6514'),
(691, 'Joddens', 'Valérie', '830 871 0113'),
(692, 'Possa', 'Personnalisée', '626 944 2402'),
(693, 'Iron', 'Faîtes', '728 164 6306'),
(694, 'Chainey', 'Eloïse', '362 128 3013'),
(695, 'Dunabie', 'Bénédicte', '425 644 3251'),
(696, 'Guage', 'Annotée', '567 813 6282'),
(697, 'Fansy', 'Michèle', '939 951 1134'),
(698, 'Carnaman', 'Vénus', '315 331 7917'),
(699, 'Stigger', 'Daphnée', '610 543 0515'),
(700, 'Leneve', 'Lyséa', '146 787 2598'),
(701, 'Wallentin', 'Loïca', '468 161 9807'),
(702, 'Thorsby', 'Lucrèce', '985 914 1123'),
(703, 'Origan', 'Noémie', '578 174 0792'),
(704, 'Sheaf', 'Annotée', '565 346 4886'),
(705, 'Hartmann', 'Lyséa', '316 896 9730'),
(706, 'Soutar', 'Pål', '545 431 8223'),
(707, 'Olenikov', 'Nadège', '594 523 5337'),
(708, 'Lube', 'Gwenaëlle', '954 537 9384'),
(709, 'Bagnal', 'Marie-françoise', '649 874 4916'),
(710, 'Petters', 'Thérèse', '962 856 6840'),
(711, 'Carley', 'Anaëlle', '202 674 7761'),
(712, 'Foxcroft', 'Yénora', '674 471 9025'),
(713, 'Tidgewell', 'Laurélie', '401 228 6903'),
(714, 'Creavin', 'Néhémie', '654 792 1287'),
(715, 'Conibeer', 'Åslög', '413 562 5296'),
(716, 'Besant', 'Styrbjörn', '304 196 2084'),
(717, 'Petow', 'Hélèna', '132 209 6254'),
(718, 'Jakovijevic', 'Gwenaëlle', '870 355 6721'),
(719, 'Casaletto', 'Cléopatre', '333 962 6064'),
(720, 'Gettens', 'Ruì', '353 893 4934'),
(721, 'McNiff', 'Magdalène', '335 584 2998'),
(722, 'Cordova', 'Réjane', '157 830 1160'),
(723, 'Stoak', 'Yú', '197 574 3171'),
(724, 'Eyckelberg', 'Märta', '546 275 3300'),
(725, 'Pheazey', 'Pål', '490 445 4265'),
(726, 'Ounsworth', 'Zoé', '998 871 7906'),
(727, 'Jeune', 'Naëlle', '228 554 7427'),
(728, 'Doody', 'Béatrice', '424 951 1742'),
(729, 'Windibank', 'Méryl', '218 666 0730'),
(730, 'Midghall', 'Thérèse', '812 140 2985'),
(731, 'Enderwick', 'Eliès', '424 111 4261'),
(732, 'Frankiss', 'Tán', '625 562 4671'),
(733, 'Tatchell', 'Erwéi', '375 165 6465'),
(734, 'Skeath', 'Célia', '636 422 1957'),
(735, 'Figgs', 'Marie-hélène', '743 868 3866'),
(736, 'Biaggetti', 'Lyséa', '836 665 0095'),
(737, 'Hobden', 'Gérald', '965 747 5487'),
(738, 'Rossbrook', 'Cécile', '973 630 6437'),
(739, 'McGraffin', 'Lyséa', '886 877 6744'),
(740, 'Benyon', 'Dà', '613 951 5092'),
(741, 'Heliar', 'Lài', '646 122 7009'),
(742, 'Daoust', 'Anaïs', '746 978 3446'),
(743, 'Cortnay', 'Léa', '239 179 5918'),
(744, 'Rosenfelt', 'Cléa', '854 101 2803'),
(745, 'Philippault', 'Adèle', '535 337 8699'),
(746, 'Adan', 'Maï', '188 470 1516'),
(747, 'Iacovini', 'Maïlis', '800 896 7928'),
(748, 'Postan', 'Estève', '893 776 9376'),
(749, 'Martignoni', 'Simplifiés', '969 324 2425'),
(750, 'Lodeke', 'Lucrèce', '779 454 8144'),
(751, 'Ferryn', 'Daphnée', '211 197 5944'),
(752, 'Alleyn', 'Dù', '991 194 9385'),
(753, 'Meneghi', 'Vénus', '961 459 6176'),
(754, 'Rodgman', 'Léone', '376 552 1273'),
(755, 'Larderot', 'Marie-noël', '538 323 6611'),
(756, 'Daykin', 'Lén', '511 779 4372'),
(757, 'Valero', 'Léonie', '786 139 3886'),
(758, 'Glashby', 'Almérinda', '593 415 0808'),
(759, 'Clother', 'Måns', '943 460 0222'),
(760, 'Dallemore', 'Léone', '635 284 6496'),
(761, 'Iddy', 'Wá', '181 713 3223'),
(762, 'Hanscombe', 'Clémentine', '421 746 7968'),
(763, 'Ship', 'Vérane', '331 322 3015'),
(764, 'Servant', 'Magdalène', '255 669 1482'),
(765, 'Wanderschek', 'Maéna', '443 689 5594'),
(766, 'Wellen', 'Marie-françoise', '615 357 0965'),
(767, 'Molson', 'Marylène', '354 432 9258'),
(768, 'Turpin', 'Solène', '388 360 8859'),
(769, 'MacNeillie', 'Eléonore', '828 172 3278'),
(770, 'Lias', 'Mélissandre', '474 779 0353'),
(771, 'Whittingham', 'Anaëlle', '213 308 0649'),
(772, 'Soda', 'Ráo', '602 489 0272'),
(773, 'Radbourn', 'Camélia', '520 482 2257'),
(774, 'Heeks', 'Intéressant', '987 225 1833'),
(775, 'Ivoshin', 'Clémentine', '700 622 1655'),
(776, 'Slessar', 'Géraldine', '153 244 9868'),
(777, 'Targe', 'Laïla', '309 694 4021'),
(778, 'Cleaveland', 'Maïwenn', '961 520 4084'),
(779, 'Signorelli', 'Amélie', '858 769 6602'),
(780, 'Eronie', 'Marie-thérèse', '805 860 2005'),
(781, 'Gilpin', 'Rébecca', '324 175 7518'),
(782, 'Lipsett', 'Amélie', '977 140 9170'),
(783, 'Sabin', 'Cécile', '694 190 6337'),
(784, 'Doe', 'Garçon', '745 766 4501'),
(785, 'Causbey', 'Maëlle', '829 371 1035'),
(786, 'Martynka', 'Valérie', '831 414 3448'),
(787, 'Sirrell', 'Josée', '582 371 6688'),
(788, 'Throssell', 'Stévina', '453 946 9687'),
(789, 'Crocetti', 'Wá', '212 926 3298'),
(790, 'Stennings', 'Ruì', '281 982 1187'),
(791, 'Krienke', 'Yú', '910 876 4554'),
(792, 'Wykey', 'Maëlle', '479 604 5018'),
(793, 'Ornelas', 'Mélia', '561 324 7140'),
(794, 'Bigmore', 'Wá', '415 740 3787'),
(795, 'Chismon', 'Styrbjörn', '649 317 6093'),
(796, 'Kirby', 'Chloé', '670 307 3786'),
(797, 'Fitchell', 'Josée', '273 350 4718'),
(798, 'Dowtry', 'Estève', '814 846 6692'),
(799, 'Hamshaw', 'Néhémie', '915 627 6680'),
(800, 'Petran', 'Maï', '101 855 7566'),
(801, 'Twentyman', 'Estève', '327 762 9858'),
(802, 'Neilan', 'Garçon', '706 511 3556'),
(803, 'Brazier', 'Léone', '884 695 0169'),
(804, 'Bysshe', 'Noémie', '953 805 9415'),
(805, 'McCudden', 'Hélène', '997 162 1062'),
(806, 'Willets', 'Esbjörn', '645 364 5645'),
(807, 'O''Mullaney', 'Loïc', '579 365 0527'),
(808, 'Gerrell', 'Dafnée', '416 614 3818'),
(809, 'Lovemore', 'Marie-josée', '341 166 0694'),
(810, 'Noe', 'Bérénice', '784 769 0542'),
(811, 'Kember', 'Lài', '383 936 8872'),
(812, 'Goble', 'Clémentine', '851 591 5330'),
(813, 'Oliva', 'Méline', '472 247 9861'),
(814, 'Wyldbore', 'Valérie', '700 902 9051'),
(815, 'Audenis', 'Vérane', '667 907 2695'),
(816, 'Reyna', 'Sòng', '304 382 2128'),
(817, 'Yellowley', 'Sélène', '889 357 5495'),
(818, 'Lardiner', 'Sélène', '305 263 1027'),
(819, 'Rany', 'Eloïse', '186 892 7573'),
(820, 'Magnar', 'Néhémie', '394 861 5358'),
(821, 'Gatlin', 'Aurélie', '227 449 0783'),
(822, 'Etienne', 'Maëline', '999 942 8938'),
(823, 'Dafter', 'Vérane', '545 558 2090'),
(824, 'Zuker', 'Rachèle', '545 907 7188'),
(825, 'Kuhnhardt', 'Cloé', '478 116 3396'),
(826, 'McDougal', 'Marie-josée', '489 765 1164'),
(827, 'Checkley', 'Maëlle', '263 863 2013'),
(828, 'Ghelardoni', 'Intéressant', '267 376 1675'),
(829, 'Borell', 'Gisèle', '521 517 4921'),
(830, 'Robjant', 'Dù', '993 499 3777'),
(831, 'Skittrall', 'Renée', '554 702 3177'),
(832, 'Fittall', 'Inès', '281 873 5795'),
(833, 'Blundan', 'Märta', '216 967 9946'),
(834, 'Chavez', 'Maï', '435 873 6315'),
(835, 'Patifield', 'Andréanne', '484 417 0872'),
(836, 'Trodler', 'Mahélie', '754 429 4247'),
(837, 'Figg', 'Danièle', '731 167 3386'),
(838, 'O''Hear', 'Maëlys', '459 769 4181'),
(839, 'Wyldbore', 'Océane', '357 173 3164'),
(840, 'Lougheid', 'Mà', '605 921 9160'),
(841, 'Dalligan', 'Björn', '485 250 8983'),
(842, 'Mulvihill', 'Erwéi', '410 842 0476'),
(843, 'Reyna', 'Marie-françoise', '469 500 2754'),
(844, 'Hodgon', 'Méng', '454 524 3753'),
(845, 'Durrans', 'Nuó', '854 979 2415'),
(846, 'Petrolli', 'Clélia', '846 610 8608'),
(847, 'Robrose', 'Liè', '691 315 8574'),
(848, 'Spaughton', 'Lauréna', '994 176 3183'),
(849, 'Rumble', 'Garçon', '235 258 1509'),
(850, 'Casali', 'Clélia', '876 358 2474'),
(851, 'Griffith', 'Görel', '237 835 2733'),
(852, 'Freegard', 'Styrbjörn', '407 810 9948'),
(853, 'Whal', 'Michèle', '200 459 5737'),
(854, 'Belli', 'Cécilia', '726 961 6889'),
(855, 'Metcalf', 'Björn', '212 705 2998'),
(856, 'Choudhury', 'Táng', '798 125 4604'),
(857, 'Sibley', 'Dafnée', '755 171 9441'),
(858, 'Avis', 'Judicaël', '623 601 0635'),
(859, 'Helliker', 'Naéva', '662 463 8712'),
(860, 'Gallihawk', 'Örjan', '854 874 5306'),
(861, 'Baldi', 'Maëly', '780 789 7103'),
(862, 'Grelak', 'Almérinda', '175 359 3730'),
(863, 'Hannen', 'Faîtes', '496 832 7290'),
(864, 'Keerl', 'Méryl', '863 320 5271'),
(865, 'Dare', 'Marlène', '332 177 2416'),
(866, 'Dayley', 'Bénédicte', '151 994 4730'),
(867, 'Lyall', 'Mélodie', '274 848 1551'),
(868, 'Edwards', 'Tú', '811 953 7972'),
(869, 'Louthe', 'Garçon', '216 515 8041'),
(870, 'Pittel', 'Mélys', '321 310 3290'),
(871, 'Southers', 'Audréanne', '321 810 4451'),
(872, 'Clulow', 'Océane', '631 900 9064'),
(873, 'Kipping', 'Danièle', '648 588 7872'),
(874, 'Kaming', 'Régine', '420 360 3780'),
(875, 'Daid', 'Maëlann', '481 480 0490'),
(876, 'Haverson', 'Maï', '157 312 3649'),
(877, 'Van den Hof', 'Camélia', '769 476 6010'),
(878, 'Mandeville', 'Solène', '814 410 4680'),
(879, 'Rattenbury', 'Táng', '658 836 7917'),
(880, 'Lade', 'Lyséa', '322 902 1987'),
(881, 'Broyd', 'Cinéma', '697 150 6467'),
(882, 'Bodker', 'Anaé', '759 661 3674'),
(883, 'Wiburn', 'Annotés', '197 670 4737'),
(884, 'Valens-Smith', 'Illustrée', '595 164 3803'),
(885, 'Nisen', 'Audréanne', '372 467 6110'),
(886, 'Arndt', 'Liè', '651 387 3018'),
(887, 'Ruxton', 'Jú', '636 930 1902'),
(888, 'Badham', 'Thérèse', '753 637 3089'),
(889, 'Storrock', 'Cinéma', '680 722 8938'),
(890, 'Steeples', 'Maéna', '941 541 5981'),
(891, 'Klemmt', 'Yáo', '605 628 9811'),
(892, 'Tschierse', 'Athéna', '251 159 4454'),
(893, 'Nuton', 'Erwéi', '625 520 4419'),
(894, 'Robley', 'Rachèle', '823 544 2618'),
(895, 'Abendroth', 'Aí', '641 206 4756'),
(896, 'McLeod', 'Stévina', '469 868 2246'),
(897, 'Copin', 'Séréna', '264 455 4441'),
(898, 'Seawell', 'Clémence', '312 677 1349'),
(899, 'Coulthurst', 'Måns', '171 967 1694'),
(900, 'Gribbins', 'Måns', '488 676 6701'),
(901, 'Saunders', 'Méng', '269 548 5007'),
(902, 'Kochlin', 'Cécile', '921 304 4574'),
(903, 'Aizikovitch', 'Maïwenn', '769 788 9199'),
(904, 'Plaister', 'Cléopatre', '291 220 3872'),
(905, 'Giraudoux', 'Agnès', '753 999 1876'),
(906, 'Klaffs', 'Maëly', '914 429 0400'),
(907, 'Cockling', 'Håkan', '704 316 2568'),
(908, 'Noirel', 'Aimée', '367 686 0737'),
(909, 'Couronne', 'Eloïse', '749 554 5358'),
(910, 'Hedgecock', 'Aurélie', '681 489 9385'),
(911, 'Marquez', 'Daphnée', '504 824 7471'),
(912, 'Franzman', 'Léonore', '267 402 5855'),
(913, 'Drexel', 'Mélina', '182 233 8988'),
(914, 'Wonter', 'Cunégonde', '499 969 4222'),
(915, 'Blunsum', 'Clémence', '602 917 1152'),
(916, 'Purchase', 'Josée', '739 431 3687'),
(917, 'Sisnett', 'Rébecca', '583 516 4905'),
(918, 'Goucher', 'Stéphanie', '821 336 9396'),
(919, 'Stephens', 'Félicie', '939 954 1797'),
(920, 'Colliar', 'Kallisté', '588 733 8341'),
(921, 'Everill', 'Östen', '468 404 8171'),
(922, 'Gosnall', 'Cunégonde', '591 401 6684'),
(923, 'Fereday', 'Personnalisée', '772 834 7065'),
(924, 'Marklin', 'Daphnée', '799 134 0123'),
(925, 'Birdsey', 'Yáo', '780 433 9531'),
(926, 'Worboys', 'Pò', '309 917 3128'),
(927, 'Renals', 'Rébecca', '445 726 7922'),
(928, 'Walpole', 'Yénora', '685 929 6431'),
(929, 'Aylmer', 'Amélie', '432 921 3129'),
(930, 'Kimmins', 'Annotés', '430 354 5194'),
(931, 'Lamb-shine', 'Eléonore', '218 279 1829'),
(932, 'Hicks', 'Maïwenn', '781 355 7018'),
(933, 'Refford', 'Mélissandre', '849 835 3122'),
(934, 'McCambrois', 'Chloé', '257 235 7047'),
(935, 'Allmann', 'Almérinda', '581 865 4341'),
(936, 'Anstice', 'Maëline', '554 369 0710'),
(937, 'Meindl', 'Yáo', '731 313 1987'),
(938, 'Kleyn', 'Bérengère', '804 447 9823'),
(939, 'Gawthorpe', 'Agnès', '765 855 7967'),
(940, 'Merrington', 'Réjane', '555 917 6838'),
(941, 'Hebble', 'Tán', '105 109 2616'),
(942, 'De Freyne', 'Irène', '313 765 5332'),
(943, 'Arni', 'Gaétane', '461 826 8666'),
(944, 'Frail', 'Stévina', '645 966 7569'),
(945, 'Caulkett', 'Lèi', '516 592 8846'),
(946, 'Gomersall', 'Bérangère', '334 516 7338'),
(947, 'Winthrop', 'Léandre', '548 725 0848'),
(948, 'Weatherall', 'Cléopatre', '454 444 1733'),
(949, 'Clarae', 'Illustrée', '866 846 9340'),
(950, 'Gendricke', 'Zoé', '404 410 6846'),
(951, 'Franzel', 'Noëlla', '803 653 1085'),
(952, 'Meckiff', 'Océane', '202 270 6601'),
(953, 'McCart', 'Nuó', '276 748 9231'),
(954, 'Biggerstaff', 'Eugénie', '528 105 6667'),
(955, 'Deaves', 'Eloïse', '606 771 7101'),
(956, 'Eilhart', 'Maïté', '790 622 1503'),
(957, 'Spikins', 'Mélys', '517 500 5384'),
(958, 'Dougher', 'Marie-ève', '834 739 5719'),
(959, 'Meys', 'Mélina', '617 548 5161'),
(960, 'Burkinshaw', 'Angélique', '991 852 9640'),
(961, 'Hantusch', 'Magdalène', '654 571 0435'),
(962, 'Hayley', 'Marie-ève', '754 484 0672'),
(963, 'Brahams', 'Céline', '285 556 5144'),
(964, 'Bish', 'Yénora', '936 260 8043'),
(965, 'Benneton', 'Mélanie', '289 593 7923'),
(966, 'Dubock', 'Pénélope', '392 792 0377'),
(967, 'Bisterfeld', 'Néhémie', '329 924 8288'),
(968, 'Arderne', 'Renée', '970 282 8409'),
(969, 'Lindenboim', 'Cécile', '203 168 2144'),
(970, 'Wheowall', 'Cloé', '710 881 6162'),
(971, 'Horche', 'Cécile', '356 642 3421'),
(972, 'Clunie', 'Märta', '946 741 3794'),
(973, 'Lehrmann', 'Bénédicte', '120 863 3291'),
(974, 'Ivasyushkin', 'Méryl', '850 715 9409'),
(975, 'Vlach', 'Aí', '175 132 0690'),
(976, 'Colbourn', 'Eloïse', '450 442 2607'),
(977, 'Makeswell', 'Réservés', '772 936 1527'),
(978, 'Sutherden', 'Börje', '117 713 4804'),
(979, 'Maddison', 'Frédérique', '371 107 4764'),
(980, 'Cradoc', 'Cléopatre', '487 105 3762'),
(981, 'Lofts', 'Lóng', '423 953 8054'),
(982, 'Francescuccio', 'Marylène', '464 744 0685'),
(983, 'Rigolle', 'Loïc', '921 571 3173'),
(984, 'Bohman', 'Lucrèce', '559 132 8602'),
(985, 'Tassell', 'Anaïs', '922 268 6030'),
(986, 'Bodimeade', 'Gösta', '744 852 5991'),
(987, 'Jelfs', 'Salomé', '230 497 5767'),
(988, 'Peizer', 'Léonie', '615 185 1938'),
(989, 'Gledhill', 'Noémie', '625 970 3458'),
(990, 'Gates', 'Loïc', '817 647 5320'),
(991, 'Marguerite', 'Gwenaëlle', '314 380 3877'),
(992, 'Shorland', 'Maëly', '315 556 7484'),
(993, 'L''oiseau', 'Yú', '397 472 0596'),
(994, 'Blesing', 'Åke', '490 833 3911'),
(995, 'Wisniewski', 'Laïla', '200 969 1661'),
(996, 'Pletts', 'Célestine', '313 245 0724'),
(997, 'Mundwell', 'Thérèsa', '555 939 3371'),
(998, 'McDaid', 'Ruò', '208 661 6816'),
(999, 'Brasse', 'Médiamass', '204 894 7071'),
(1000, 'Jeffcock', 'Séréna', '581 850 9053');

-- --------------------------------------------------------

--
-- Structure de la table `T_film`
--

CREATE TABLE T_Film(
   IDFilm INT AUTO_INCREMENT,
   FilmNom VARCHAR(50) NOT NULL,
   Prix DECIMAL(65,2) NOT NULL,
   Genre TEXT,
   DateSortie DATE NOT NULL,
   PRIMARY KEY(IDFilm)
);


--
-- Contenu de la table `T_film`
--

INSERT INTO `T_film` (`IDFilm`, `FilmNom`, `Prix`, `Genre`, `DateSortie`) VALUES
(1, 'Cherry Tree Lane', '24.48', 'Horror|Thriller', '2019-08-05'),
(2, 'Stoic', '27.98', 'Drama', '1976-08-27'),
(3, 'Wedding Party, The (Die Bluthochzeit)', '13.54', 'Action|Comedy|Drama', '1989-06-28'),
(4, 'Traffic', '13.50', 'Crime|Drama|Thriller', '2008-10-25'),
(5, 'Madame Butterfly', '20.91', 'Musical', '2019-09-30'),
(6, 'American Affair, An', '11.43', 'Drama', '2004-09-20'),
(7, 'We Don''t Live Here Anymore', '27.58', 'Drama', '1990-09-27'),
(8, 'Off Beat', '25.44', 'Drama|Romance', '2009-11-19'),
(9, 'Avalon', '24.34', 'Drama|Fantasy|Sci-Fi', '2002-12-14'),
(10, 'Crisis (Kris)', '26.07', 'Drama', '2022-08-14'),
(11, 'We Are What We Are (Somos lo que hay)', '27.00', 'Drama|Horror', '1985-03-05'),
(12, 'But Not for Me', '24.27', 'Comedy|Romance', '1980-01-25'),
(13, 'Unforgiven, The', '28.17', 'Drama|Western', '2008-10-02'),
(14, 'Naked Prey, The', '19.75', 'Adventure', '1977-11-30'),
(15, 'Unknown Soldier, The (Tuntematon sotilas)', '14.17', 'Drama|War', '2000-04-03'),
(16, 'Brain Damage', '12.49', 'Comedy|Horror', '2017-04-27'),
(17, 'Redemption: The Stan Tookie Williams Story', '28.80', 'Crime|Documentary|Drama', '2010-03-27'),
(18, 'Rack, The', '21.64', 'Drama|War', '2000-05-06'),
(19, 'Marjorie Morningstar', '15.13', 'Drama', '2004-03-25'),
(20, 'Wild Rovers', '23.58', 'Western', '2000-11-03'),
(21, 'Pride', '28.98', 'Drama', '2004-02-29'),
(22, 'Seven Brides for Seven Brothers', '25.22', 'Comedy|Musical|Romance|Western', '1980-02-15'),
(23, 'Live and Let Die', '20.29', 'Action|Adventure|Thriller', '1994-10-30'),
(24, 'Man Who Knew Too Much, The', '23.10', 'Drama|Thriller', '1997-07-10'),
(25, 'Wolf Creek 2', '19.68', 'Horror|Thriller', '1987-05-17'),
(26, 'The Girls', '21.32', 'Comedy', '1976-04-20'),
(27, 'They All Lie', '11.83', 'Drama', '2017-08-31'),
(28, 'Blood into Wine', '23.46', 'Documentary', '1986-07-29'),
(29, 'Hunchback, The', '15.20', 'Drama', '1986-02-08'),
(30, 'IMAX: Coral Reef Adventure', '10.43', 'Children|Documentary|IMAX', '1991-04-08'),
(31, 'Coluche, l''histoire d''un mec', '19.14', 'Drama', '2017-07-27'),
(32, 'Heavyweights (Heavy Weights)', '24.87', 'Children|Comedy', '2023-05-16'),
(33, 'Street Fighter II: The Animated Movie (Sutorîto Fa', '12.04', 'Action|Animation', '2017-02-01'),
(34, 'Intern, The', '10.30', 'Comedy', '2022-06-19'),
(35, 'Teen Witch', '26.34', 'Comedy', '2020-12-14'),
(36, 'Making ''The New World''', '11.50', 'Documentary', '1975-05-19'),
(37, 'Super Bitch', '12.94', 'Action', '1987-07-02'),
(38, 'Steel Trap, The', '23.79', 'Crime|Drama', '1989-10-18'),
(39, 'Light Years Away', '26.35', 'Drama', '1996-05-08'),
(40, 'Wrong Man, The', '19.81', 'Drama|Film-Noir|Thriller', '2023-06-18'),
(41, 'West Beirut (West Beyrouth)', '28.93', 'Drama', '1996-01-26'),
(42, 'Lightning Bug', '22.72', 'Drama|Horror|Thriller', '1991-06-24'),
(43, 'Today''s Special', '18.30', 'Comedy', '2019-05-21'),
(44, 'Jail Bait', '21.14', 'Crime|Drama', '2011-08-04'),
(45, 'Dead End Drive-In', '15.46', 'Action|Drama|Horror|Sci-Fi|Thriller', '1994-10-19'),
(46, 'Ugetsu (Ugetsu monogatari)', '20.95', 'Drama|Thriller', '2020-01-12'),
(47, 'Jimmy Neutron: Boy Genius', '10.47', 'Adventure|Animation|Children|Comedy', '2007-03-12'),
(48, 'Dead Ahead: The Exxon Valdez Disaster', '15.39', 'Drama', '1992-10-07'),
(49, 'Vanya on 42nd Street', '20.51', 'Drama', '1984-08-14'),
(50, 'Giallo', '26.17', 'Crime|Horror|Thriller', '1992-12-25'),
(51, 'Burke and Hare', '20.79', 'Comedy|Thriller', '1996-12-12'),
(52, 'Time Tracers', '21.14', 'Action|Adventure|Sci-Fi', '2005-11-27'),
(53, 'Man Exposed', '18.97', 'Comedy|Drama', '2023-06-25'),
(54, 'The Black Devil', '24.14', 'Comedy|Fantasy', '1992-07-01'),
(55, 'Reservation Road', '18.90', 'Drama|Thriller', '2019-11-02'),
(56, 'Brassed Off', '21.43', 'Comedy|Drama|Romance', '1972-08-18'),
(57, 'Remo Williams: The Adventure Begins', '19.80', 'Action|Comedy|Crime|Thriller', '1991-05-27'),
(58, 'Sleuth', '26.93', 'Comedy|Mystery|Thriller', '2002-12-21'),
(59, 'Trap: What Happened to Our Dream of Freedom, The', '24.13', 'Documentary', '2001-10-07'),
(60, 'Stranded', '15.31', 'Drama|Sci-Fi', '1983-01-11'),
(61, 'Thomas Crown Affair, The', '20.03', 'Crime|Drama|Romance|Thriller', '2011-03-28'),
(62, 'Killings at Outpost Zeta, The', '17.90', 'Drama|Sci-Fi', '1996-12-24'),
(63, 'Basic Instinct', '25.33', 'Crime|Mystery|Thriller', '1991-11-13'),
(64, 'End of Watch', '16.02', 'Crime|Drama|Thriller', '2011-11-26'),
(65, 'Yes Men, The', '14.09', 'Documentary', '2000-09-23'),
(66, 'Radio Rebel', '13.06', 'Drama', '2018-12-20'),
(67, 'Festival in Cannes', '18.11', 'Drama', '1979-12-11'),
(68, 'Fast and the Furious: Tokyo Drift, The (Fast and t', '24.14', 'Action|Crime|Drama|Thriller', '2010-05-16'),
(69, 'Clown and the Kid, The', '16.75', 'Drama', '2019-12-26'),
(70, 'Land Before Time III: The Time of the Great Giving', '17.67', 'Adventure|Animation|Children|Musical', '1994-12-23'),
(71, 'To Die For', '18.96', 'Comedy|Drama|Thriller', '2019-06-24'),
(72, 'Murph: The Protector', '12.76', 'Documentary|War', '1988-07-03'),
(73, 'Stardust', '14.24', 'Drama', '1994-10-26'),
(74, 'Alibi', '11.85', 'Crime|Drama', '1988-08-21'),
(75, 'Superhero Movie', '10.08', 'Action|Comedy|Sci-Fi', '2022-06-10'),
(76, 'Where East Is East', '16.19', 'Drama', '2012-07-10'),
(77, 'River Why, The', '24.44', 'Drama', '1983-02-19'),
(78, 'Le ultime ore di una vergine', '19.07', '(no genres listed)', '1979-07-29'),
(79, 'Honeydripper', '23.66', 'Drama', '1985-07-08'),
(80, 'Long Night, The', '28.14', 'Crime|Drama|Film-Noir|Romance|Thriller', '2012-03-08'),
(81, 'Ice Quake ', '21.23', 'Action|Sci-Fi|Thriller', '1987-02-01'),
(82, 'Running Time', '26.81', 'Crime|Thriller', '2001-05-24'),
(83, 'Snakes and Earrings (Hebi ni piasu)', '25.85', 'Drama|Thriller', '1985-06-08'),
(84, '7th Heaven (Seventh Heaven)', '17.18', 'Drama|Romance', '2001-02-03'),
(85, 'Hanussen', '28.91', 'Drama', '2000-09-29'),
(86, 'Nadja', '17.04', 'Drama', '1973-12-28'),
(87, 'Relative Strangers', '28.20', 'Comedy', '2012-07-07'),
(88, 'Fifty Dead Men Walking', '26.64', 'Action|Drama|Thriller', '1996-06-22'),
(89, 'Revenge', '14.52', 'Drama|Romance|Thriller', '1975-03-30'),
(90, 'Public Sex', '11.07', 'Comedy|Drama', '2012-05-25'),
(91, 'Foolish Wives', '15.86', 'Drama', '2011-03-11'),
(92, 'Synthetic Pleasures', '13.24', 'Documentary', '2019-08-21'),
(93, 'Tom at the Farm (Tom à la ferme)', '15.98', 'Drama', '1995-08-16'),
(94, 'Mother and Son (Mat i syn)', '14.66', 'Drama', '2007-07-04'),
(95, 'The Elephant Man', '16.86', 'Drama', '2006-07-06'),
(96, 'See You in the Morning', '10.67', 'Drama|Romance', '2016-11-22'),
(97, 'Decalogue, The (Dekalog)', '13.88', 'Crime|Drama|Romance', '2003-12-09'),
(98, 'Dracula (Dracula 3D)', '25.52', 'Horror|Romance|Thriller', '1999-06-10'),
(99, 'Wuthering Heights', '14.74', 'Drama', '2000-04-27'),
(100, 'Clash of the Wolves', '11.15', 'Adventure|Romance|Western', '1981-09-23'),
(101, 'Fritz the Cat', '17.01', 'Animation', '2004-12-16'),
(102, 'Declaration of War (La Guerre est Déclarée)', '14.48', 'Drama', '2008-07-25'),
(103, 'I Love Your Work', '16.54', 'Drama|Mystery', '2013-02-11'),
(104, 'Invisible Ray, The', '19.42', 'Horror|Sci-Fi', '2010-08-10'),
(105, 'Just Bea (Bare Bea)', '26.46', 'Drama', '2007-04-06'),
(106, 'Lady Killer', '20.17', 'Drama|Romance|War', '2021-03-10'),
(107, 'Modern Times', '25.19', 'Comedy|Drama|Romance', '2013-01-28'),
(108, 'Grayeagle', '24.32', 'Adventure|Drama|Romance|Western', '1973-08-10'),
(109, 'Revenge of the Nerds II: Nerds in Paradise', '15.11', 'Comedy', '1974-01-05'),
(110, 'Be Cool', '24.93', 'Comedy|Crime|Musical', '1972-10-22'),
(111, 'Secret Life of Words, The', '25.49', 'Drama|Romance', '2003-12-19'),
(112, 'Man Next Door, The (El hombre de al lado)', '10.65', 'Drama', '2009-06-19'),
(113, 'Evil Dead', '13.36', 'Horror', '1982-06-21'),
(114, 'Heaven Help Us', '10.74', 'Comedy|Drama', '1989-02-11'),
(115, 'Playground', '13.19', '(no genres listed)', '2011-07-18'),
(116, 'Jesus Christ Superstar', '26.74', 'Drama|Musical', '2006-01-23'),
(117, 'Honkytonk Man', '26.04', 'Comedy|Drama', '1993-11-02'),
(118, 'Last Resort (National Lampoon''s Last Resort)', '22.27', 'Comedy', '2012-10-19'),
(119, 'You Only Live Twice', '19.20', 'Action|Adventure|Sci-Fi|Thriller', '2014-03-10'),
(120, '14 Hours (Fourteen Hours)', '19.27', 'Drama|Film-Noir|Thriller', '2003-01-31'),
(121, 'Love & Savagery', '22.27', 'Drama|Romance', '2007-11-16'),
(122, 'My Girl 2', '23.57', 'Comedy|Drama|Romance', '2017-02-04'),
(123, 'Vertical Limit', '11.00', 'Action|Adventure', '1996-12-04'),
(124, 'Blue Crush', '19.61', 'Adventure|Drama|Romance', '1979-02-23'),
(125, 'Enemy at the Gates', '17.09', 'Drama|War', '2008-02-25'),
(126, 'The Paris Express', '19.22', 'Crime|Drama', '1971-12-02'),
(127, 'Sophie''s Revenge (Fei chang wan mei)', '18.60', 'Comedy|Romance', '2021-07-23'),
(128, 'Lad: A Dog', '17.75', '(no genres listed)', '2018-06-24'),
(129, 'Angel Heart', '14.38', 'Film-Noir|Horror|Mystery|Thriller', '2006-06-11'),
(130, 'Hollywood or Bust', '22.10', 'Comedy|Musical', '1999-07-08'),
(131, 'Vinyan', '28.49', 'Drama|Horror|Thriller', '1974-09-22'),
(132, 'Robin Hood', '26.94', 'Action|Adventure|Drama|Romance|War', '2011-04-06'),
(133, 'Little Foxes, The', '17.32', 'Drama', '2013-04-05'),
(134, 'Before Sunrise', '27.09', 'Drama|Romance', '2016-02-20'),
(135, 'Fight Club', '12.00', 'Action|Crime|Drama|Thriller', '1982-10-20'),
(136, 'Diving In', '22.30', 'Comedy|Drama', '1982-06-18'),
(137, 'Eye of the Beholder', '10.77', 'Thriller', '1996-01-10'),
(138, 'Stage Door', '14.59', 'Drama', '1979-11-10'),
(139, 'Night Moves', '23.55', 'Drama|Thriller', '1981-01-25'),
(140, 'Kingdom, The', '23.01', 'Action|Drama|Thriller', '2021-04-06'),
(141, 'Child, The (L''enfant)', '14.26', 'Crime|Drama', '2006-07-19'),
(142, 'Secrets', '16.97', 'Western', '2001-10-12'),
(143, 'Big Bad Wolves', '25.21', 'Crime|Thriller', '1985-11-24'),
(144, 'Eyes of an Angel', '28.05', 'Drama', '1974-02-21'),
(145, 'Inkheart', '14.14', 'Adventure|Fantasy', '1989-02-10'),
(146, 'Splendor', '26.88', 'Comedy', '1992-11-24'),
(147, 'Jacques Brel Is Alive and Well and Living in Paris', '16.38', 'Musical', '2009-06-26'),
(148, 'Traitor', '25.74', 'Crime|Drama|Thriller', '2004-04-18'),
(149, 'Bronies: The Extremely Unexpected Adult Fans of My', '27.65', 'Documentary', '1982-07-08'),
(150, 'Elephant Man, The', '23.83', 'Drama', '1975-06-28'),
(151, 'Decade Under the Influence, A', '24.99', 'Documentary', '1999-10-17'),
(152, 'Omen, The', '13.30', 'Horror|Thriller', '1974-08-14'),
(153, 'Living Dead Girl, The (Morte Vivante, La)', '21.39', 'Horror', '1983-07-22'),
(154, 'Saving Face', '16.83', 'Comedy|Drama|Romance', '2006-08-06'),
(155, 'Hector and the Search for Happiness', '20.62', 'Adventure|Comedy|Drama', '1985-08-20'),
(156, 'Curse of Frankenstein, The', '28.23', 'Horror', '2000-10-26'),
(157, 'Assault, The (Aanslag, De)', '10.24', 'Drama|Romance|War', '1974-05-11'),
(158, 'Phase IV', '10.03', 'Horror|Sci-Fi|Thriller', '1988-02-22'),
(159, 'All the Vermeers in New York', '24.09', 'Comedy|Drama|Romance', '2013-08-11'),
(160, 'Moment After, The', '16.47', 'Drama|Sci-Fi|Thriller', '2015-05-24'),
(161, 'Confessions of a Superhero', '19.21', 'Documentary', '2008-05-15'),
(162, 'Bordertown', '26.46', 'Crime|Drama|Thriller', '2004-05-08'),
(163, 'Eraser', '26.51', 'Action|Drama|Thriller', '1986-05-03'),
(164, 'Death Race 2000', '18.42', 'Action|Sci-Fi', '1989-09-28'),
(165, 'Time Bandits', '14.39', 'Adventure|Comedy|Fantasy|Sci-Fi', '2018-03-02'),
(166, 'Hickey and Boggs', '26.82', 'Crime|Drama|Film-Noir|Thriller', '1988-12-25'),
(167, 'Tremors', '15.16', 'Comedy|Horror|Sci-Fi', '2019-05-31'),
(168, 'Snows of Kilimanjaro, The (Neiges du Kilimandjaro,', '10.50', 'Drama', '2018-06-29'),
(169, 'Scott of the Antarctic', '25.93', 'Action|Adventure|Drama', '1991-02-08'),
(170, 'Thousand Clowns, A', '13.60', 'Comedy|Drama|Romance', '2020-01-14'),
(171, 'Paycheck', '11.14', 'Action|Sci-Fi|Thriller', '1987-04-30'),
(172, 'Love, Wedding, Marriage', '26.78', 'Comedy|Romance', '1979-03-06'),
(173, 'Race for Your Life, Charlie Brown', '23.62', 'Adventure|Animation|Children', '1981-08-29'),
(174, 'Last Days Here', '27.84', 'Documentary', '2004-10-05'),
(175, 'Kongo', '16.01', 'Drama|Horror', '1993-06-01'),
(176, 'Kocken', '27.60', '(no genres listed)', '2018-07-30'),
(177, 'Everybody''s Famous! (Iedereen beroemd!)', '23.76', 'Comedy|Drama|Musical', '1972-12-09'),
(178, 'McCullin', '19.85', 'Documentary', '1995-07-23'),
(179, 'Avengers, The', '24.77', 'Action|Adventure', '2017-08-20'),
(180, 'Midnight in the Garden of Good and Evil', '28.39', 'Crime|Drama|Mystery', '1974-07-11'),
(181, 'Miracle', '24.04', 'Drama', '2009-06-10'),
(182, 'Pyx, The', '17.01', 'Crime|Horror|Thriller', '1993-09-26'),
(183, 'Ernest Rides Again', '14.25', 'Children|Comedy', '1988-09-29'),
(184, 'Aileen Wuornos: The Selling of a Serial Killer', '14.65', 'Documentary', '2020-09-14'),
(185, 'Blindness', '15.19', 'Drama|Mystery|Romance|Thriller', '1982-12-29'),
(186, 'Allegro', '24.62', 'Drama|Fantasy|Mystery|Romance|Sci-Fi', '2003-05-09'),
(187, 'Marina Abramovic: The Artist Is Present', '14.79', 'Documentary', '2007-05-22'),
(188, 'I''ll Be Seeing You', '24.43', 'Drama', '1994-10-05'),
(189, 'Drop, The', '10.22', 'Crime|Drama|Thriller', '2017-02-12'),
(190, 'Slow Burn', '18.47', 'Drama|Mystery|Thriller', '1999-12-28'),
(191, 'Girl Walk: All Day', '11.34', 'Musical', '2016-10-24'),
(192, 'Super Size Me', '28.30', 'Comedy|Documentary|Drama', '2022-06-02'),
(193, 'Strange Brew', '28.60', 'Comedy', '2011-07-01'),
(194, 'Pool, The (Swimming Pool - Der Tod feiert mit) ', '21.39', 'Horror|Thriller', '1975-06-25'),
(195, 'King of the Hill', '17.91', 'Drama', '1981-08-18'),
(196, 'Experiment Perilous', '19.35', 'Romance|Thriller', '1990-03-28'),
(197, 'Story of Maths, The', '22.41', 'Documentary', '2007-12-30'),
(198, 'Set-Up, The', '22.22', 'Drama|Film-Noir|Romance', '1994-10-30'),
(199, 'Paris, Texas', '25.46', 'Drama|Romance', '2002-04-20'),
(200, 'Bat People, The', '23.66', 'Comedy|Drama|Horror|Sci-Fi', '1994-08-14'),
(201, 'Cloak and Dagger', '17.61', 'Drama|Romance', '2015-09-30'),
(202, 'Whiteboyz', '23.88', 'Comedy|Drama', '1984-11-30'),
(203, 'Restless (Levottomat)', '17.15', 'Drama|Romance', '1995-10-12'),
(204, 'Brass Monkey', '10.94', 'Comedy|Crime|Drama|Mystery', '1995-03-25'),
(205, 'Paziraie Sadeh', '17.71', 'Drama', '2014-12-28'),
(206, 'Godzilla (Gojira)', '27.38', 'Drama|Horror|Sci-Fi', '2013-09-23'),
(207, 'Weirdsville', '14.69', 'Comedy|Crime|Drama', '1973-01-10'),
(208, 'Dragon Ball Z: Wrath of the Dragon (Doragon bôru Z', '18.61', 'Action|Adventure|Animation', '2017-06-27'),
(209, 'Zabriskie Point', '11.25', 'Drama|Romance', '1972-06-15'),
(210, 'May', '10.84', 'Drama|Horror', '1993-04-19'),
(211, 'Happiness (Schastye)', '12.03', 'Comedy|Drama', '1994-03-02'),
(212, 'In the Folds of the Flesh', '15.53', 'Drama|Horror|Thriller', '2011-06-02'),
(213, 'Texas', '14.42', 'Drama|Romance|Western', '1990-10-23'),
(214, 'Beyond, The (E tu vivrai nel terrore - L''aldilà)', '11.34', 'Horror', '1972-05-09'),
(215, 'Versus', '24.48', 'Action|Comedy|Fantasy|Horror', '1998-06-01'),
(216, 'Where Sleeping Dogs Lie', '16.65', 'Crime', '2014-08-05'),
(217, 'Ten', '21.81', 'Drama', '1980-05-08'),
(218, 'Seduced and Abandoned (Sedotta e abbandonata)', '18.09', 'Comedy|Drama', '1994-03-29'),
(219, 'Industrial Symphony No. 1: The Dream of the Broken', '26.58', 'Drama', '2011-12-04'),
(220, 'Keyhole', '21.54', 'Drama|Mystery', '1977-12-11'),
(221, 'BFFs', '13.23', 'Comedy', '1983-05-26'),
(222, 'Wash, The', '18.76', 'Comedy', '1983-10-22'),
(223, 'Art of the Steal, The', '12.00', 'Crime', '1982-10-06'),
(224, 'På sista versen', '26.63', 'Comedy', '1992-11-11'),
(225, 'The Land Before Time VIII: The Big Freeze', '25.89', 'Adventure|Animation|Children', '2020-07-24'),
(226, 'American Son', '13.76', 'Drama|Romance|War', '2013-05-04'),
(227, 'Against the Dark', '23.04', 'Action|Horror', '1997-11-17'),
(228, 'Garden State', '25.94', 'Comedy|Drama|Romance', '1995-06-09'),
(229, 'Woman in Black, The', '14.79', 'Horror|Mystery', '2022-12-05'),
(230, 'Breaking the Maya Code', '11.95', 'Documentary', '2006-06-30'),
(231, 'Toughguy', '17.84', 'Crime|Drama|Thriller', '2009-04-11'),
(232, 'Love That Boy', '23.57', 'Comedy|Romance', '1986-02-19'),
(233, 'Bjarnfreðarson', '22.37', 'Comedy|Drama', '1978-10-22'),
(234, 'Miss Météo', '26.69', 'Comedy|Drama', '2023-01-23'),
(235, 'Brothers Rico, The', '15.66', 'Crime|Drama|Film-Noir|Thriller', '1993-04-04'),
(236, 'Grand Dukes, The (Les grands ducs)', '27.64', 'Comedy', '2021-05-03'),
(237, 'Never Forever', '20.13', 'Drama|Romance', '2017-05-14'),
(238, 'Three Times (Zui hao de shi guang)', '18.08', 'Drama|Romance', '2021-05-05'),
(239, 'Dumplings (Gaau ji)', '27.06', 'Drama|Horror|Thriller', '1991-05-31'),
(240, 'Havana', '11.00', 'Drama', '2001-07-01'),
(241, 'Buddy', '18.54', 'Adventure|Children|Drama', '2014-05-18'),
(242, 'Just Buried', '14.33', 'Comedy|Drama|Romance', '2003-05-22'),
(243, 'Girl in the Red Velvet Swing, The', '23.08', 'Crime|Drama|Romance', '1983-11-21'),
(244, 'Fiancee, The (Parineeta)', '23.08', 'Drama', '1973-07-31'),
(245, 'Tripping the Rift: The Movie', '28.59', 'Animation|Comedy|Sci-Fi', '1994-04-12'),
(246, 'Spawn', '16.20', 'Action|Adventure|Sci-Fi|Thriller', '1986-06-19'),
(247, 'Private Lessons', '13.21', 'Comedy', '2000-06-19'),
(248, 'Kiss Me Goodbye', '22.93', '(no genres listed)', '1973-10-19'),
(249, 'Mr. Holland''s Opus', '26.66', 'Drama', '1986-08-04'),
(250, 'Tale of Despereaux, The', '15.63', 'Adventure|Animation|Children|Comedy|Fantasy', '1978-07-04'),
(251, 'Piano Teacher, The (La pianiste)', '11.27', 'Drama', '1981-06-27'),
(252, 'Crave', '11.39', 'Drama|Thriller', '1987-10-24'),
(253, 'Mr. & Mrs. Bridge', '26.27', 'Drama', '2023-04-18'),
(254, 'Lilla Jönssonligan och Cornflakeskuppen', '23.71', 'Children|Comedy', '2001-11-29'),
(255, 'Diary of a Chambermaid, The', '22.83', 'Drama|Romance', '1989-12-01'),
(256, 'Kambakkht Ishq (Incredible Love)', '23.62', 'Action|Comedy|Musical', '2018-02-14'),
(257, 'Gladiators, The (Gladiatorerna)', '24.78', 'Drama|Sci-Fi', '2011-11-30'),
(258, 'The Secret of Convict Lake', '25.34', 'Western', '1976-03-09'),
(259, 'On the Ice', '11.70', 'Drama|Thriller', '1983-08-25'),
(260, 'The Woman in Black 2: Angel of Death', '24.31', 'Drama|Horror|Thriller', '2016-02-10'),
(261, 'Arizona Raiders', '21.87', 'Western', '1985-11-02'),
(262, 'Jennifer 8', '27.98', 'Mystery|Thriller', '1985-08-07'),
(263, 'The Beaver Trilogy', '12.34', 'Comedy|Documentary|Drama', '2007-10-22'),
(264, 'This Christmas', '25.68', 'Comedy|Drama|Romance', '1980-04-21'),
(265, 'Bad Teacher', '14.18', 'Comedy', '1995-10-12'),
(266, 'Curse of the Hedgehog, The (Blestemul ariciului)', '15.68', 'Documentary', '2003-12-02'),
(267, 'Star Trek Into Darkness', '28.63', 'Action|Adventure|Sci-Fi|IMAX', '1979-07-08'),
(268, 'Go for It', '22.29', 'Action|Adventure|Comedy', '2005-06-02'),
(269, 'Hugh Hefner: Playboy, Activist and Rebel', '15.47', 'Documentary', '2021-07-19'),
(270, 'In the Name of the King: A Dungeon Siege Tale', '15.51', 'Action|Adventure|Fantasy', '2022-08-15'),
(271, 'Model Couple, The (Le couple témoin)', '19.44', 'Comedy', '2022-10-01'),
(272, 'Gold', '13.33', 'Crime|Sci-Fi', '1978-11-24'),
(273, 'Stanley Kubrick''s Boxes', '11.07', 'Documentary', '1975-07-24'),
(274, 'Rookie, The', '28.94', 'Action|Comedy|Thriller', '2012-11-10'),
(275, 'It Started in Naples', '21.66', 'Comedy|Drama', '2004-03-28'),
(276, 'Bulli: Cooking in Progress, El', '14.57', 'Documentary', '1973-07-13'),
(277, 'Yor, the Hunter from the Future', '24.31', 'Sci-Fi', '1972-01-05'),
(278, 'Corruptor, The', '27.35', 'Action|Crime|Drama|Thriller', '1991-08-02'),
(279, 'Simon & the Oaks', '23.37', 'Drama', '1986-07-12'),
(280, 'Bitter Sweetheart', '22.50', 'Comedy|Drama', '1993-02-23'),
(281, 'Who the F**K Is Arthur Fogel', '14.83', 'Documentary', '1975-04-25'),
(282, 'Better Living Through Circuitry', '28.66', 'Documentary', '1987-04-01'),
(283, 'Moving Violations', '18.37', 'Comedy', '1973-04-12'),
(284, 'Punk Singer, The', '18.91', 'Documentary', '1981-10-16'),
(285, 'James Gandolfini: Tribute to a Friend', '14.34', 'Documentary', '1972-12-15'),
(286, 'Day I Became a Woman, The (Roozi khe zan shodam)', '16.93', 'Drama', '1973-10-05'),
(287, 'Ernest Goes to Jail', '15.45', 'Comedy', '2020-10-16'),
(288, 'Salem''s Lot', '14.98', 'Drama|Horror|Mystery|Thriller', '1988-12-10'),
(289, 'Miss Zombie', '14.26', 'Horror', '2005-02-22'),
(290, 'Charlie''s Country', '14.05', 'Drama', '1986-12-12'),
(291, 'Lion of the Desert', '20.07', 'War', '1974-06-14'),
(292, 'Apartment Zero', '11.40', 'Drama|Thriller', '1981-12-19'),
(293, 'Euphoria (Eyforiya)', '19.41', 'Drama|Romance', '1989-05-22'),
(294, 'Dear Diary (Caro Diario)', '14.85', 'Comedy|Drama', '1982-08-04'),
(295, 'Burn! (Queimada)', '23.58', 'Drama|Thriller', '1987-06-27'),
(296, 'Drillbit Taylor', '24.60', 'Comedy', '2002-02-22'),
(297, 'Skidoo', '13.58', 'Comedy', '2012-11-28'),
(298, 'Joshua', '27.04', 'Drama|Thriller', '2009-10-30'),
(299, 'Yentl', '10.86', 'Drama|Musical|Romance', '2001-02-19'),
(300, 'Li''l Abner', '18.52', 'Comedy|Musical', '1982-05-31'),
(301, 'Hara-Kiri: Death of a Samurai', '21.13', 'Drama', '1993-05-04'),
(302, 'Two Evil Eyes', '22.94', 'Horror', '1976-02-10'),
(303, 'All''s Well', '18.97', 'Drama', '1990-12-05'),
(304, 'Satanas', '26.87', 'Crime|Drama', '1979-09-27'),
(305, 'Taipei Exchanges (Di 36 ge gu shi)', '10.39', 'Comedy|Drama', '1971-12-07'),
(306, 'Christmas Vacation (National Lampoon''s Christmas V', '28.27', 'Comedy', '2023-01-07'),
(307, 'Frontier of the Dawn (La frontière de l''aube)', '27.51', 'Drama', '1979-03-13'),
(308, 'Resident Evil: Retribution', '10.72', 'Action|Horror|Sci-Fi|IMAX', '1975-04-24'),
(309, 'OH in Ohio, The', '24.85', 'Comedy', '2016-09-10'),
(310, 'Where the Road Meets the Sun', '25.00', 'Crime|Drama', '1989-08-05'),
(311, 'Lone Ranger, The', '12.58', 'Action|Adventure|Western|IMAX', '2010-11-04'),
(312, 'Housefull 2', '11.20', 'Comedy|Romance', '1994-04-10'),
(313, 'Treasure of the Four Crowns', '13.88', 'Adventure', '2022-04-20'),
(314, 'Speaking of Sex', '21.26', 'Comedy|Romance', '1988-10-09'),
(315, 'Beyond the Clouds (Al di là delle nuvole)', '15.43', 'Drama|Romance', '2016-02-04'),
(316, 'Mad About Mambo', '22.25', 'Comedy|Romance', '1976-08-14'),
(317, 'Zidane: A 21st Century Portrait (Zidane, un portra', '13.55', 'Documentary', '2015-01-31'),
(318, 'Thérèse', '25.60', 'Drama', '2017-12-08'),
(319, 'Only When I Laugh', '24.21', 'Comedy|Drama', '1979-05-01'),
(320, 'Polskie gówno', '16.28', 'Comedy|Musical', '2015-07-08'),
(321, 'Ice Age: Dawn of the Dinosaurs', '10.05', 'Action|Adventure|Animation|Children|Comedy|Romance', '1987-09-16'),
(322, 'Ballad of Narayama, The (Narayama bushiko)', '19.11', 'Drama', '1977-05-31'),
(323, 'Things to Do in Denver When You''re Dead', '22.53', 'Crime|Drama|Romance', '1996-06-10'),
(324, 'Princess and the Frog, The', '18.01', 'Animation|Children|Fantasy|Musical|Romance', '1984-02-14'),
(325, 'Chant of Jimmy Blacksmith, The', '17.05', 'Drama', '1994-03-31'),
(326, 'Batman Beyond: Return of the Joker', '20.01', 'Action|Animation|Crime|Sci-Fi|Thriller', '1977-04-25'),
(327, 'Maternal Halfbrothers (Braca po materi)', '26.21', 'Drama', '2004-07-01'),
(328, 'Something in the Air (Apres Mai)', '24.13', 'Action|Drama', '1987-08-03'),
(329, 'Designated Mourner, The', '12.14', 'Drama', '1986-03-06'),
(330, 'Amen', '16.40', 'Drama|Musical', '2014-10-24'),
(331, 'Search, The', '10.76', 'Drama|War', '2007-11-05'),
(332, 'Hawaii', '21.63', 'Romance', '2006-02-05'),
(333, 'Born to Be Wild', '25.96', 'Documentary|IMAX', '2012-10-08'),
(334, 'Koti-ikävä', '16.55', 'Drama', '1986-05-16'),
(335, 'Rollerball', '25.34', 'Action|Sci-Fi', '1996-08-24'),
(336, 'Blackboard Jungle', '24.22', 'Drama', '1985-11-29'),
(337, 'Autohystoria', '28.91', '(no genres listed)', '1988-10-30'),
(338, 'Castle on the Hudson', '12.42', 'Crime|Drama', '1973-02-12'),
(339, 'Menace II Society', '10.17', 'Action|Crime|Drama', '2013-03-14'),
(340, 'Far Cry', '13.28', 'Action|Adventure|Drama', '2017-12-31'),
(341, 'Born to Race', '21.66', 'Action', '1998-09-03'),
(342, 'Labyrinth', '22.31', 'Adventure|Fantasy|Musical', '2019-09-04'),
(343, 'The Green Years', '27.97', 'Drama', '2020-03-30'),
(344, 'Barney''s Version', '20.34', 'Drama', '2003-09-06'),
(345, 'Vinyan', '19.09', 'Drama|Horror|Thriller', '2004-11-08'),
(346, 'Bullies', '25.50', 'Action|Drama|Thriller', '1992-04-20'),
(347, 'Chinoise, La', '15.43', 'Comedy|Drama', '1984-05-08'),
(348, 'New York Stories', '21.10', 'Comedy|Drama', '1990-12-26'),
(349, 'Henry', '23.77', 'Comedy', '1998-06-11'),
(350, 'Vida precoz y breve de Sabina Rivas, La (Precociou', '18.60', 'Adventure|Drama|Romance', '2010-09-27'),
(351, 'Fitzcarraldo', '12.80', 'Adventure|Drama', '1983-05-19'),
(352, 'Rapt', '17.23', 'Drama', '1976-01-19'),
(353, 'Haunting, The', '21.17', 'Horror|Thriller', '1978-11-11'),
(354, 'Something Borrowed', '13.14', 'Comedy|Drama|Romance', '1997-11-01'),
(355, 'Man of La Mancha', '19.05', 'Adventure|Comedy|Musical', '1977-08-11'),
(356, 'Condo Painting', '18.07', 'Documentary', '1973-02-03'),
(357, 'Behind Enemy Lines', '24.85', 'Action|Thriller', '1976-04-15'),
(358, 'Hour of the Wolf (Vargtimmen)', '21.62', 'Drama|Horror', '1973-01-04'),
(359, 'Halloween: Resurrection (Halloween 8)', '15.09', 'Horror|Thriller', '1988-04-29'),
(360, 'Cruel Romance, A (Zhestokij Romans)', '10.85', 'Drama|Romance', '2012-01-07'),
(361, 'Grand Hotel', '15.71', 'Drama|Romance', '2022-03-25'),
(362, 'There Was a Father (Chichi ariki)', '10.77', 'Drama', '1979-07-20'),
(363, 'Music of the Heart', '24.05', 'Drama', '1985-05-13'),
(364, 'Paris Trout', '14.71', 'Drama', '2022-01-16'),
(365, 'Last Exorcism, The', '27.94', 'Horror|Thriller', '2004-11-04'),
(366, 'Empty Nest (El nido vacío)', '19.08', 'Comedy|Drama', '2001-05-04'),
(367, 'Notting Hill', '20.32', 'Comedy|Romance', '1973-05-27'),
(368, 'Birdcage Inn (Paran daemun)', '22.13', 'Drama', '2002-05-17'),
(369, 'Perez Family, The', '23.08', 'Comedy|Romance', '1978-07-05'),
(370, 'Shot in the Heart', '25.96', 'Crime|Drama', '2012-08-11'),
(371, 'Courtship of Eddie''s Father, The', '26.10', 'Comedy', '1998-01-01'),
(372, 'Thawing Out (La fonte des neiges) ', '10.15', 'Comedy|Drama', '1991-08-03'),
(373, '''Neath the Arizona Skies', '27.50', 'Western', '1998-08-09'),
(374, 'Star Trek VI: The Undiscovered Country', '20.39', 'Action|Mystery|Sci-Fi', '1990-07-25'),
(375, 'Jackass 3.5', '21.34', 'Comedy|Documentary', '2006-10-18'),
(376, 'Heavens Fall', '23.41', 'Drama', '2010-06-12'),
(377, 'Heartbreak Ridge', '12.11', 'Action|War', '2017-02-11'),
(378, 'Bikini Summer III - South Beach Heat', '22.31', 'Comedy', '2017-06-05'),
(379, 'Man''s Castle', '24.12', 'Drama|Romance', '2018-07-03'),
(380, 'Other Side of the Bed, The (Otro lado de la cama, ', '23.10', 'Comedy|Drama|Musical|Romance', '1978-01-24'),
(381, 'Rocketship X-M', '10.07', 'Sci-Fi', '1974-03-27'),
(382, 'Outlaw Blues', '16.83', 'Drama', '1996-08-06'),
(383, 'Never Say Never Again', '22.43', 'Action|Adventure|Thriller', '2000-03-25'),
(384, 'Space Pirate Captain Harlock: Arcadia of My Youth ', '19.49', 'Action|Adventure|Animation|Drama|Sci-Fi', '2006-09-21'),
(385, 'Memphis Belle', '26.55', 'Action|Drama|War', '2020-02-06'),
(386, 'Startup.com', '26.70', 'Documentary', '1990-11-09'),
(387, 'Gentleman''s Game, A', '21.65', 'Drama', '2019-11-09'),
(388, 'It''s a Wonderful Life', '20.15', 'Drama|Fantasy|Romance', '2018-08-01'),
(389, 'How I Unleashed World War II (Jak rozpetalem II wo', '13.62', 'Comedy|War', '1995-07-13'),
(390, 'Two Sisters from Boston', '17.72', 'Comedy|Musical', '2009-02-27'),
(391, 'Telephone, The', '19.10', 'Comedy', '1978-06-18'),
(392, '2046', '11.04', 'Drama|Fantasy|Romance|Sci-Fi', '1987-01-09'),
(393, '16 to Life', '10.74', 'Comedy|Drama', '2004-05-29'),
(394, 'Mea Maxima Culpa: Silence in the House of God', '21.30', 'Documentary', '2012-08-05'),
(395, 'Charlie Countryman', '21.85', 'Action|Comedy|Romance', '2002-08-08'),
(396, 'Dr. Jekyll and Ms. Hyde', '11.70', 'Comedy|Horror', '2018-01-16'),
(397, 'Top Banana', '23.26', 'Comedy|Musical|Romance', '1982-06-11'),
(398, 'X-Men', '11.32', 'Action|Adventure|Sci-Fi', '2003-06-11'),
(399, 'Daniel', '25.84', 'Drama', '1976-08-08'),
(400, 'Bad Boy (Story of Danny Lester, The)', '19.55', 'Drama', '1995-12-14'),
(401, 'War of the Robots (La guerra dei robot)', '11.64', 'Action|Adventure|Sci-Fi', '1988-12-22'),
(402, 'A-Team, The', '21.63', 'Action|Comedy|Thriller', '2010-10-06'),
(403, 'Juno', '18.36', 'Comedy|Drama|Romance', '1981-06-12'),
(404, 'Shirin', '19.13', 'Drama', '1972-09-08'),
(405, 'Taking Chance', '12.33', 'Drama|War', '2023-03-11'),
(406, 'Slim Carter', '22.24', 'Comedy|Western', '2011-07-07'),
(407, 'As Tears Go By (Wong gok ka moon)', '13.26', 'Crime|Drama', '1988-09-09'),
(408, 'Blood of Heroes, The (Salute of the Jugger, The)', '21.20', 'Action|Sci-Fi', '1979-08-13'),
(409, 'Flight That Fought Back, The', '12.22', 'Drama', '2014-12-05'),
(410, 'Enlighten Up!', '11.45', 'Documentary', '1980-01-12'),
(411, 'Garden Lovers (Eedenistä pohjoiseen)', '14.67', 'Documentary', '1988-07-16'),
(412, 'Armored', '25.04', 'Action|Drama|Thriller', '1971-09-28'),
(413, 'Emergo (Apartment 143)', '14.06', 'Horror', '1982-07-10'),
(414, 'Goodbye, 20th Century', '21.72', 'Drama|Sci-Fi', '2020-07-15'),
(415, 'Broadway Serenade', '11.70', 'Drama|Musical|Romance', '2008-11-14'),
(416, 'Away We Go', '28.18', 'Comedy|Drama|Romance', '2020-09-18'),
(417, 'Only When I Laugh', '26.47', 'Comedy|Drama', '1984-02-23'),
(418, 'CrissCross', '25.39', 'Drama', '1999-11-12'),
(419, 'Best Man Down', '22.08', 'Drama', '2015-08-19'),
(420, 'Day The Earth Froze, The (Sampo)', '23.64', 'Adventure|Fantasy', '2001-12-27'),
(421, 'Total Eclipse', '10.51', 'Drama|Romance', '1985-05-11'),
(422, 'Island of the Burning Damned (Night of the Big Hea', '15.70', 'Horror|Mystery|Sci-Fi|Thriller', '1996-04-15'),
(423, 'Exit Through the Gift Shop', '14.55', 'Comedy|Documentary', '1996-01-16'),
(424, 'Affair of Love, An (Liaison pornographique, Une)', '26.12', 'Drama|Romance', '2012-04-27'),
(425, 'Osaka Elegy (Naniwa erejî)', '28.71', 'Drama', '2015-11-16'),
(426, 'Palindromes', '24.24', 'Adventure|Comedy|Drama', '1988-05-31'),
(427, 'Mickey', '22.47', 'Crime|Drama', '2019-03-23'),
(428, 'Warriors of Virtue', '13.96', 'Action|Adventure|Children|Fantasy', '1975-10-17'),
(429, 'Gorgeous Hussy, The', '27.78', 'Drama', '2008-04-27'),
(430, 'Fast & Furious (Fast and the Furious 4, The)', '16.24', 'Action|Crime|Drama|Thriller', '2013-07-13'),
(431, 'Life Before Her Eyes, The', '26.21', 'Drama|Thriller', '2022-07-01'),
(432, '3 Ring Circus', '18.36', 'Comedy', '2010-08-22'),
(433, 'Prince of Jutland (a.k.a. Royal Deceit)', '23.17', 'Drama', '2000-08-12'),
(434, 'Frogs for Snakes', '19.29', 'Comedy|Film-Noir|Thriller', '1985-05-15'),
(435, 'Out of the Past', '20.18', 'Film-Noir', '2001-06-11'),
(436, 'Mommie Dearest', '23.88', 'Drama', '2003-09-05'),
(437, 'Winchester ''73', '12.42', 'Western', '2007-08-22'),
(438, 'Darkness Falls', '18.67', 'Horror|Thriller', '1972-12-19'),
(439, 'Son of Flubber', '26.10', 'Children|Comedy', '1988-06-05'),
(440, 'The Hearts of Age', '18.83', '(no genres listed)', '2005-05-21'),
(441, 'Rise & Fall of ECW, The', '13.69', 'Documentary', '2017-04-07'),
(442, 'Bolero', '20.62', 'Drama|Romance', '1979-08-04'),
(443, 'Burning Bed, The', '18.35', 'Drama', '2003-04-11'),
(444, 'Rage: Carrie 2, The', '17.71', 'Horror', '1981-09-20'),
(445, 'Tatort: Im Schmerz geboren', '28.33', 'Crime', '2005-03-04'),
(446, 'Little Lord Fauntleroy', '24.00', 'Drama', '2012-09-07'),
(447, 'Double Happiness', '25.59', 'Drama', '2017-12-23'),
(448, 'In July (Im Juli)', '19.68', 'Comedy|Romance', '1974-12-28'),
(449, 'David et Madame Hansen', '16.67', 'Comedy|Drama', '2015-11-07'),
(450, 'Free Willy 3: The Rescue', '15.78', 'Adventure|Children|Drama', '2021-03-29'),
(451, 'Body Double', '24.54', 'Mystery|Thriller', '2012-09-20'),
(452, 'Castle on the Hudson', '27.25', 'Crime|Drama', '2004-08-01'),
(453, 'Mighty Peking Man (a.k.a. Goliathon) (Xing xing wa', '17.79', 'Action|Adventure|Horror|Sci-Fi', '1979-06-13'),
(454, 'Good Woman, A', '12.05', 'Comedy|Drama|Romance', '2019-11-16'),
(455, 'Food (Jídlo)', '12.58', 'Animation|Comedy|Fantasy', '1989-06-01'),
(456, 'American Haunting, An', '17.14', 'Drama|Horror|Mystery|Thriller', '2020-09-07'),
(457, 'Rugrats Movie, The', '21.58', 'Animation|Children|Comedy', '1995-01-26'),
(458, 'Cowboy and the Lady, The', '15.51', 'Comedy|Drama|Romance|Western', '1990-05-16'),
(459, 'Crocodile Dundee', '18.09', 'Adventure|Comedy', '2023-02-13'),
(460, 'Bat*21', '25.80', 'Drama|War', '1995-07-26'),
(461, 'Beats Rhymes & Life: The Travels of a Tribe Called', '28.65', 'Documentary', '1999-10-30'),
(462, 'The Amazing Dr. Clitterhouse', '19.27', 'Crime|Drama|Film-Noir', '2005-10-19'),
(463, 'Angry Video Game Nerd: The Movie', '21.95', 'Adventure|Comedy|Sci-Fi', '2011-06-23'),
(464, 'Becket', '14.26', 'Drama', '1988-06-22'),
(465, 'Velvet Goldmine', '15.25', 'Drama', '1973-09-06'),
(466, 'If Looks Could Kill', '19.98', 'Action|Comedy', '1976-11-03'),
(467, 'Walker, The', '12.41', 'Drama|Mystery', '1993-01-22'),
(468, 'Stella', '17.55', 'Drama', '1980-05-11'),
(469, 'Streetcar Named Desire, A', '17.25', 'Drama', '2017-06-23'),
(470, 'Barbarian Queen II: The Empress Strikes Back', '15.27', 'Action|Adventure|Fantasy', '1986-12-29'),
(471, 'Hamlet, Prince of Denmark', '26.14', 'Drama', '2012-07-20'),
(472, 'Mudge Boy, The', '18.87', 'Drama', '1992-11-07'),
(473, 'Divorce American Style', '20.36', 'Comedy', '2015-11-17'),
(474, 'An American Tail: The Treasure of Manhattan Island', '25.21', 'Adventure|Animation', '1975-06-10'),
(475, 'Romance in Manhattan', '18.62', 'Comedy|Romance', '1999-03-08'),
(476, 'Down to Earth', '19.96', 'Drama', '1988-07-15'),
(477, 'Fjols til fjells', '14.67', 'Comedy', '1980-03-08'),
(478, 'Germinal', '24.89', 'Drama|Romance', '2013-11-23'),
(479, 'Cats Don''t Dance', '19.07', 'Animation|Children|Musical', '1985-11-29'),
(480, 'Nine Deaths of the Ninja', '28.88', 'Action', '2017-03-03'),
(481, 'Frozen North, The', '22.21', 'Comedy', '1988-12-08'),
(482, 'Pokémon: The First Movie', '17.55', 'Adventure|Animation|Children|Fantasy|Sci-Fi', '1973-07-30'),
(483, 'Heaven''s Burning', '12.00', 'Action|Drama', '1987-12-08'),
(484, 'Lost Thing, The', '12.86', 'Animation|Drama|Fantasy', '1994-11-15'),
(485, 'Fun is Beautiful', '20.36', 'Comedy', '2022-09-01'),
(486, 'Pelle the Conqueror (Pelle erobreren)', '27.19', 'Drama', '1979-03-16'),
(487, 'Amour', '19.83', 'Drama|Romance', '1975-11-16'),
(488, 'Atlantis, the Lost Continent', '24.57', 'Adventure|Sci-Fi', '1988-08-12'),
(489, 'Son of Flubber', '17.34', 'Children|Comedy', '1972-12-08'),
(490, 'Dolan''s Cadillac', '12.88', 'Crime|Thriller', '1985-03-06'),
(491, 'Snowriders', '23.20', 'Documentary', '1974-06-15'),
(492, 'Suicide Shop, The (Le magasin des suicides) ', '23.48', 'Animation|Comedy|Musical', '1975-02-13'),
(493, 'Longtime Companion', '13.76', 'Drama', '2016-04-16'),
(494, 'Diamonds', '26.30', 'Mystery', '2005-05-09'),
(495, 'Suspect', '11.41', 'Crime|Drama|Thriller', '1985-10-27'),
(496, 'Love Affair, or the Case of the Missing Switchboar', '25.14', 'Drama', '2006-02-15'),
(497, 'Dear Brigitte', '15.88', 'Comedy', '1993-09-04'),
(498, 'Booty Call', '28.42', 'Comedy|Romance', '1991-12-09'),
(499, 'Tale of Two Cities, A', '27.55', 'Drama', '1982-05-04'),
(500, 'Kotch', '20.27', 'Comedy|Drama', '1989-06-08'),
(501, 'Housemaid, The (Hanyo)', '15.03', 'Crime|Drama|Horror', '2018-03-21'),
(502, 'Turning, The', '21.73', 'Drama', '1984-09-15'),
(503, 'Short Circuit', '28.68', 'Comedy|Sci-Fi', '1973-12-07'),
(504, 'Storm Warriors, The (Fung wan II)', '25.41', 'Action|Adventure|Fantasy', '2000-09-14'),
(505, 'Something Wild', '16.62', 'Comedy|Crime|Drama', '1979-12-04'),
(506, 'Manual of Love 2 (Manuale d''amore (capitoli succes', '25.97', 'Comedy|Romance', '1971-10-24'),
(507, 'It Happened to Jane', '17.40', 'Comedy', '2020-10-21'),
(508, 'Touch', '12.79', 'Drama|Fantasy|Romance', '1992-03-25'),
(509, 'Romance of Astrea and Celadon, The (Les amours d''A', '18.33', 'Drama|Romance', '2009-08-26'),
(510, 'Tinker Tailor Soldier Spy', '26.84', 'Drama|Film-Noir|Thriller', '1994-05-18'),
(511, 'Arthur and the Invisibles', '14.04', 'Action|Children|Fantasy', '1984-11-29'),
(512, 'Decoding the Past: Secrets of the Koran', '13.40', 'Documentary', '2020-02-27'),
(513, 'The Return of Ringo', '13.48', 'Action|Drama|Romance|Western', '1989-12-05'),
(514, 'Cirque du Freak: The Vampire''s Assistant', '27.12', 'Action|Adventure|Comedy|Fantasy|Horror|Thriller', '1995-09-30'),
(515, 'On the Threshold (Lars i porten)', '11.28', 'Children|Drama', '1977-10-09'),
(516, 'Jeff, Who Lives at Home', '22.87', 'Comedy|Drama', '1982-10-20'),
(517, 'Thriller: A Cruel Picture (Thriller - en grym T_film', '27.52', 'Action|Crime|Drama|Thriller', '2005-10-18'),
(518, 'Reconstituirea (Reconstruction)', '11.79', 'Comedy|Drama', '1991-12-15'),
(519, 'Counselor, The', '23.98', 'Crime|Drama|Thriller', '2013-10-16'),
(520, 'Lilla Jönssonligan på styva linan', '21.22', '(no genres listed)', '1993-10-17'),
(521, 'Greatest Love, The (Europa ''51)', '24.79', 'Drama', '1994-11-22'),
(522, 'Violets Are Blue...', '26.57', 'Drama|Romance', '2004-07-25'),
(523, 'Rage', '13.99', 'Drama', '1982-02-20'),
(524, 'Hangover Square', '19.45', 'Crime|Drama|Horror|Thriller', '2005-09-24'),
(525, 'Yes: 9012 Live', '18.80', 'Documentary|Musical', '1995-07-09'),
(526, 'Hot Shots!', '18.41', 'Action|Comedy|Romance|War', '1986-04-17'),
(527, 'Treed Murray', '21.62', 'Drama', '2001-11-13'),
(528, 'Backtrack (Catchfire)', '14.57', 'Action|Drama|Thriller', '1979-12-01'),
(529, 'Polytechnique', '21.32', 'Crime|Drama', '2009-11-16'),
(530, 'Face of Another, The (Tanin no kao)', '13.83', 'Drama|Sci-Fi', '2023-06-14'),
(531, 'Man Who Loved Women, The', '18.09', 'Comedy', '2016-02-07'),
(532, 'Around the World in 80 Days', '24.93', 'Adventure|Children|Comedy', '1995-06-05'),
(533, 'Les disparus de Saint-Agil', '11.22', 'Drama|Mystery', '1977-04-02'),
(534, 'Boys: The Sherman Brothers'' Story, The', '19.50', 'Documentary', '2009-03-19'),
(535, 'Urban Ghost Story', '16.28', 'Drama', '2010-03-22'),
(536, 'Dames', '20.77', 'Comedy|Musical', '1987-03-29'),
(537, 'Apartment, The', '16.08', 'Comedy|Drama|Romance', '1979-06-24'),
(538, 'Mulan', '12.85', 'Adventure|Animation|Children|Comedy|Drama|Musical|Romance', '2015-01-30'),
(539, 'Jack Goes Boating', '17.08', 'Comedy|Romance', '2000-12-17'),
(540, 'Disco Godfather', '26.52', 'Action|Crime|Drama', '1999-04-21'),
(541, 'Tomorrow Night', '23.14', 'Comedy|Drama', '2019-07-02'),
(542, 'Entity, The', '10.10', 'Horror', '1972-05-07'),
(543, 'Go Go Tales', '21.41', 'Comedy|Drama', '2022-11-04'),
(544, 'Wild China', '19.09', 'Documentary', '1995-04-23'),
(545, 'Tales from the Crypt Presents: Bordello of Blood', '28.82', 'Comedy|Horror', '1971-12-24'),
(546, 'Sweet Bunch (Glykia symmoria)', '12.80', 'Crime|Drama|Thriller', '2009-09-23'),
(547, 'After Last Season', '16.26', 'Drama|Thriller', '1990-07-21'),
(548, 'Great Race, The', '19.65', 'Comedy|Musical', '2003-10-16'),
(549, 'Power (Jew Süss)', '23.11', 'Drama|Romance', '2017-10-13'),
(550, 'Blind Dating', '18.43', 'Comedy|Romance', '2008-09-21'),
(551, 'Tonight and Every Night', '12.32', 'Musical', '1972-11-06'),
(552, 'Cool, Dry Place, A', '10.09', 'Drama', '1989-07-23'),
(553, 'Flower & Garnet', '21.75', 'Drama', '1987-11-29'),
(554, 'Opfergang', '23.84', 'Drama', '2006-06-25'),
(555, 'Bob''s Birthday', '24.14', '(no genres listed)', '2021-03-30'),
(556, 'Smiling Madame Beudet, The (La souriante Madame Be', '22.45', 'Drama', '2011-01-23'),
(557, 'What! No Beer?', '23.03', 'Comedy', '2013-10-21'),
(558, 'Aurora', '24.27', 'Drama', '1980-04-19'),
(559, 'Kiss Me Deadly', '25.60', 'Film-Noir', '2013-08-01'),
(560, 'City for Conquest', '11.43', 'Drama', '1975-09-28'),
(561, 'Road to Brown, The', '22.76', 'Documentary', '1999-12-10'),
(562, 'Velvet Vampire, The', '17.24', 'Fantasy|Horror', '1994-07-27'),
(563, 'Crossfire Hurricane', '13.12', 'Documentary|Musical', '1988-01-25'),
(564, 'Aprile', '26.50', 'Comedy', '2015-03-10'),
(565, 'Hercules in New York', '11.10', 'Action|Comedy|Fantasy', '1992-04-10'),
(566, 'Into the Arms of Strangers: Stories of the Kindert', '24.22', 'Documentary', '2022-05-10'),
(567, 'Chainsaw Maid', '22.43', 'Animation', '1979-04-25'),
(568, 'Apnea (Apnoia)', '10.57', 'Drama', '2012-03-18'),
(569, 'Fists in the Pocket (Pugni in tasca, I)', '14.39', 'Drama', '1994-11-22'),
(570, 'Margot at the Wedding', '22.66', 'Drama', '1977-03-15'),
(571, 'Troll 2', '27.46', 'Fantasy|Horror', '2021-12-15'),
(572, 'Fidel', '20.03', 'Documentary', '2008-02-10'),
(573, 'Always Leave Them Laughing', '19.66', 'Comedy|Drama', '2017-05-19'),
(574, 'In Football We Trust', '19.94', 'Documentary', '1975-04-07'),
(575, 'After Life (Wandafuru raifu)', '28.93', 'Drama|Fantasy', '1979-03-16'),
(576, 'Break Up', '14.19', 'Thriller', '1975-06-10'),
(577, 'Dead Calling, A', '22.18', 'Horror', '1990-08-09'),
(578, 'Bigger Than the Sky', '28.75', 'Comedy|Drama|Romance', '1998-09-27'),
(579, 'Valerie and Her Week of Wonders (Valerie a týden d', '25.29', 'Adventure|Drama|Fantasy', '2004-02-27'),
(580, 'Sel8nne', '15.81', 'Documentary', '1974-11-25'),
(581, 'Alice in Wonderland', '16.70', 'Children|Fantasy|Sci-Fi', '1987-04-27'),
(582, 'Love Is a Many-Splendored Thing', '16.62', 'Drama|Romance|War', '2000-01-02'),
(583, 'Nada Gang, The (Nada)', '20.76', 'Thriller', '2008-03-21'),
(584, 'Make Way for Tomorrow', '25.10', 'Drama', '2006-01-04'),
(585, 'Korso', '16.10', 'Drama', '2017-10-30'),
(586, 'Hoodlum', '22.26', 'Crime|Drama|Film-Noir', '1993-10-02'),
(587, 'Golden Gate', '12.70', 'Drama', '2019-06-05'),
(588, 'Koi... Mil Gaya', '12.89', 'Action|Adventure|Fantasy|Sci-Fi', '1980-02-19'),
(589, 'Everybody''s Fine', '16.80', 'Drama', '1983-10-20'),
(590, 'First Monday in October', '15.60', 'Comedy|Drama', '1994-08-10'),
(591, 'Twelve Monkeys (a.k.a. 12 Monkeys)', '22.13', 'Mystery|Sci-Fi|Thriller', '2002-12-25'),
(592, 'Miracle Worker, The', '25.89', 'Drama', '1975-06-24'),
(593, 'Trial and Error', '16.30', 'Comedy|Romance', '1991-05-26'),
(594, 'Mad Dog Coll', '14.79', 'Crime|Drama', '1984-09-03'),
(595, 'I Spit on Your Grave (Day of the Woman)', '18.76', 'Horror|Thriller', '1989-04-28'),
(596, 'Walk Among the Tombstones, A', '17.20', 'Action|Crime|Mystery|Thriller', '2018-06-28'),
(597, 'Assassination Bureau, The', '20.01', 'Action|Adventure|Comedy|Crime|Sci-Fi', '1990-05-02'),
(598, 'Wake Up, Ron Burgundy', '22.70', 'Comedy', '1980-09-12'),
(599, 'Last Airbender, The', '23.28', 'Action|Adventure|Fantasy', '1975-10-10'),
(600, 'Ref, The', '12.08', 'Comedy', '2015-01-18'),
(601, 'Sex and the Single Girl', '16.36', 'Comedy|Romance', '2021-11-03'),
(602, 'Safe Conduct (Laissez-Passer)', '11.41', 'Drama|War', '2012-05-04'),
(603, 'Set-Up, The', '23.16', 'Drama|Film-Noir|Romance', '1979-06-25'),
(604, 'Il Capitano', '19.16', 'Drama', '1991-11-04'),
(605, 'Statues Also Die (Statues meurent aussi, Les)', '26.75', 'Documentary', '1996-08-20'),
(606, 'Rent-a-Cat', '26.14', 'Comedy|Drama', '1987-06-08'),
(607, 'Phone Box, The (Cabina, La)', '28.60', 'Comedy|Drama|Mystery|Thriller', '1991-05-05'),
(608, 'Femme Fatale', '20.60', 'Crime|Thriller', '1978-05-21'),
(609, 'Mrs. Palfrey at the Claremont', '19.57', 'Comedy|Drama', '1980-05-03'),
(610, 'Cluny Brown', '24.37', 'Comedy|Romance', '1993-01-30'),
(611, 'Sweet Liberty', '17.39', 'Comedy', '2011-06-23'),
(612, 'Compliance', '25.21', 'Drama|Thriller', '1983-01-30'),
(613, 'Expendables 3, The', '25.77', 'Action|Adventure', '2008-07-12'),
(614, 'Back to School with Franklin', '23.18', 'Animation|Children', '1987-03-23'),
(615, 'Four Times, The (Le Quattro Volte)', '22.06', 'Drama', '2018-10-16'),
(616, 'Twister', '20.71', 'Action|Adventure|Romance|Thriller', '1989-04-12'),
(617, 'Jump Tomorrow', '25.56', 'Comedy|Drama|Romance', '2010-04-23'),
(618, 'Agata and the Storm (Agata e la tempesta)', '28.05', 'Comedy|Drama|Romance', '1996-05-15'),
(619, 'Cannibal Holocaust', '15.17', 'Horror', '1989-04-28'),
(620, 'Rachel, Rachel', '10.11', 'Drama|Romance', '1989-09-30'),
(621, 'Darkest Hour, The', '22.14', 'Action|Horror|Sci-Fi|Thriller', '1982-05-01'),
(622, 'Brink''s Job, The', '10.30', 'Comedy|Crime|Drama', '2001-04-02'),
(623, 'Let''s Get Lost', '13.03', 'Documentary|Musical', '1990-03-01'),
(624, 'Grudge 2, The', '20.78', 'Drama|Horror|Mystery|Thriller', '1983-01-14'),
(625, 'Meet Bill', '20.34', 'Comedy|Drama', '1996-02-29'),
(626, 'Animals United', '22.25', 'Animation|Children|Comedy', '1996-05-30'),
(627, 'Mary', '20.13', 'Drama|Thriller', '2021-09-08'),
(628, 'Black Robe', '25.70', 'Adventure|Drama', '1984-04-01'),
(629, 'Boat, The', '17.44', 'Comedy', '2011-02-03'),
(630, 'Amy''s O (a.k.a. Amy''s Orgasm)', '10.85', 'Comedy|Romance', '1985-12-04'),
(631, 'Rise and Fall of Legs Diamond, The', '12.31', 'Crime', '2014-03-06'),
(632, 'Friendly Persuasion', '22.39', 'Drama', '2016-01-23'),
(633, 'Lorenzo''s Oil', '16.81', 'Drama', '1974-08-19'),
(634, 'Bloomington', '21.97', 'Drama', '2008-03-23'),
(635, 'Whisky Galore', '28.49', 'Comedy|Crime', '1994-09-16'),
(636, 'Wheelmen', '24.15', 'Comedy', '1977-01-07'),
(637, 'Beyond the Sea', '27.93', 'Drama|Musical', '1974-08-20'),
(638, 'Only the Strong Survive - A Celebration of Soul', '10.33', 'Documentary|Musical', '1992-06-11'),
(639, 'Don''t Tempt Me (Sin noticias de Dios)', '16.52', 'Comedy|Fantasy|Mystery', '1972-02-29'),
(640, 'House', '25.56', 'Comedy|Fantasy|Horror', '2022-11-30'),
(641, 'Murder on a Honeymoon', '24.46', 'Comedy|Mystery', '1990-12-06'),
(642, 'Love Sick (Legaturi bolnavicioase)', '25.37', 'Drama', '2014-08-01'),
(643, 'The Gentleman from Epsom', '20.05', 'Comedy|Crime', '1983-04-10'),
(644, 'You Belong to Me', '25.56', 'Comedy|Romance', '2022-10-29'),
(645, 'Eaten Alive (Mangiati Vivi)', '28.28', 'Adventure|Horror', '1997-08-11'),
(646, 'Boy of the Streets', '14.60', 'Drama', '1972-05-18'),
(647, 'Ganes', '21.20', 'Drama|Musical', '1986-12-12'),
(648, 'Truman Show, The', '23.78', 'Comedy|Drama|Sci-Fi', '1994-04-20'),
(649, 'Still Alice', '14.07', 'Drama', '1987-06-13'),
(650, 'Diary of the Dead', '11.80', 'Horror|Sci-Fi', '1993-03-16'),
(651, 'Show of Force, A', '20.79', 'Drama|Thriller', '2008-07-10'),
(652, 'Hidden Face, The (La cara oculta)', '28.34', 'Thriller', '2013-11-11'),
(653, 'Aftershock', '22.91', 'Horror|Thriller', '1984-02-28'),
(654, 'Paleface, The', '14.49', 'Comedy|Western', '1997-10-24'),
(655, 'Stereo', '17.29', 'Thriller', '1982-01-18'),
(656, 'Geri''s Game', '27.88', 'Animation|Children', '1980-02-13'),
(657, 'Kadosh', '28.48', 'Drama', '2023-05-18'),
(658, 'Flight of the Navigator', '28.34', 'Adventure|Children|Sci-Fi', '1992-06-24'),
(659, 'Loving Father, A (Aime ton père)', '12.88', 'Drama', '1997-01-04'),
(660, 'Anastasia', '25.16', 'Drama', '1974-09-08'),
(661, 'Ray', '22.59', 'Drama', '2007-10-23'),
(662, 'Girl Next Door, The', '16.43', 'Comedy|Romance', '1973-10-11'),
(663, 'Trio, The (Trio, Das)', '21.10', 'Drama|Romance', '2010-08-22'),
(664, 'Halloweentown II: Kalabar''s Revenge', '19.19', 'Adventure|Children|Comedy|Drama|Fantasy', '2013-03-31'),
(665, 'Absence of Malice', '16.03', 'Drama|Romance', '2006-09-04'),
(666, 'Cool It', '12.01', 'Documentary', '2019-10-02'),
(667, 'Caddyshack', '12.69', 'Comedy', '2005-06-02'),
(668, 'Man on Wire', '27.38', 'Documentary', '1981-11-27'),
(669, 'Bad Family (Paha Perhe)', '23.27', 'Comedy|Drama', '1986-06-19'),
(670, 'Apartment, The (Appartement, L'')', '24.76', 'Drama|Mystery|Romance', '2006-08-24'),
(671, 'Joyful Noise', '12.72', 'Comedy|Musical', '1984-04-01'),
(672, 'Legend of the Black Scorpion (a.k.a. The Banquet) ', '18.72', 'Action|Drama|Fantasy|War', '1998-06-01'),
(673, 'I Know That Voice', '24.05', 'Documentary', '1995-02-24'),
(674, 'In the Land of Women', '25.24', 'Comedy|Drama|Romance', '1988-09-02'),
(675, 'Quest for a Heart (Röllin sydän)', '25.87', 'Adventure|Animation|Children|Fantasy|Musical', '2005-10-11'),
(676, 'Legend of Lizzie Borden, The', '17.80', 'Drama', '2003-01-03'),
(677, 'Diary of a Mad Housewife', '24.32', 'Comedy|Drama', '1995-07-03'),
(678, 'Adventures of Priscilla, Queen of the Desert, The', '24.82', 'Comedy|Drama', '2010-05-31'),
(679, 'Winterhawk', '14.89', 'Western', '2015-07-27'),
(680, 'Koruto wa ore no pasupooto (Colt Is My Passport, A', '20.82', 'Action|Crime|Drama', '1991-01-12'),
(681, 'Born Free', '17.35', 'Adventure|Children|Drama', '2003-10-07'),
(682, 'Creeping Flesh, The', '13.67', 'Horror|Sci-Fi', '1978-07-16'),
(683, 'Callan', '19.54', 'Thriller', '2015-11-30'),
(684, 'The Madagascar Penguins in a Christmas Caper', '13.65', 'Animation|Comedy', '1974-11-30'),
(685, 'Three Musketeers, The', '18.11', 'Action|Adventure|Romance', '2002-10-28'),
(686, 'Within the Woods', '19.62', 'Horror', '1973-11-03'),
(687, 'Codependent Lesbian Space Alien Seeks Same', '22.04', 'Comedy|Romance|Sci-Fi', '2008-11-05'),
(688, 'War of the Worlds, The', '11.11', 'Action|Drama|Sci-Fi', '2018-04-04'),
(689, 'Krrish', '26.38', 'Adventure|Musical|Romance|Sci-Fi', '2001-02-06'),
(690, 'Crazy Love', '28.72', 'Documentary', '2023-08-03'),
(691, 'American Yakuza', '11.39', 'Action|Drama|Thriller', '1982-01-07'),
(692, 'Enough Said', '25.48', 'Comedy|Drama|Romance', '1987-07-22'),
(693, 'Operation Mad Ball', '25.94', 'Comedy|War', '1998-06-01'),
(694, 'Story of Science, The', '10.86', 'Documentary', '2002-08-18'),
(695, 'Vie en Rose, La (Môme, La)', '25.07', 'Drama|Musical', '2005-11-13'),
(696, 'American Promise', '15.13', 'Documentary', '1974-06-05'),
(697, 'Nightmare', '22.76', 'Horror|Mystery|Thriller', '1987-05-11'),
(698, 'Sunshine Boys, The', '18.78', 'Comedy', '2009-06-29'),
(699, 'Quest, The', '17.46', 'Adventure|Children|Drama', '2017-10-21'),
(700, 'Three Coins in the Fountain', '20.60', 'Drama|Romance', '1996-01-16'),
(701, 'Brain That Wouldn''t Die, The', '26.91', 'Horror|Sci-Fi', '1990-03-18'),
(702, 'Tale of Two Cities, A', '11.72', 'Drama', '1996-05-05'),
(703, 'Alarmist, The (a.k.a. Life During Wartime)', '27.69', 'Comedy', '2003-01-19'),
(704, 'Valerie', '25.07', 'Drama', '2019-10-08'),
(705, '7th Heaven (Seventh Heaven)', '10.30', 'Drama|Romance', '1995-03-04'),
(706, 'Mother Joan of the Angels (Matka Joanna od aniolów', '25.28', 'Drama|Horror', '1984-05-19'),
(707, 'Toast of New Orleans, The', '22.90', 'Musical', '2012-10-31'),
(708, 'Liz & Dick ', '21.50', 'Drama', '2005-05-07'),
(709, 'Friends & Lovers', '24.93', 'Comedy|Drama|Romance', '2012-07-16'),
(710, 'Glenn Miller Story, The', '11.64', 'Drama', '1997-06-28'),
(711, 'I Sell the Dead', '17.73', 'Comedy|Horror', '1999-04-30'),
(712, 'Mafioso', '27.94', 'Comedy|Crime|Drama', '2018-12-13'),
(713, 'Awakenings', '15.79', 'Drama|Mystery', '2005-09-01'),
(714, 'Gator', '10.87', 'Action|Drama', '2016-10-15'),
(715, 'Diary of a Hitman', '16.68', 'Crime|Drama|Thriller', '2000-01-17');
INSERT INTO `T_film` (`IDFilm`, `FilmNom`, `Prix`, `Genre`, `DateSortie`) VALUES
(716, 'Guys, The', '24.17', 'Drama', '1983-06-06'),
(717, 'Walking Dead, The', '27.82', 'Crime|Horror|Sci-Fi', '2012-09-03'),
(718, 'Skin Deep', '19.82', 'Comedy', '2011-11-18'),
(719, 'Wishmaster 3: Beyond the Gates of Hell', '21.57', 'Fantasy|Horror', '1994-09-08'),
(720, 'Uprise', '12.43', 'Drama', '2012-12-12'),
(721, 'Botany of Desire, The', '22.80', 'Documentary', '1987-02-28'),
(722, 'Go West', '16.72', 'Comedy|Musical|Western', '2021-07-13'),
(723, 'Battle of Los Angeles', '16.62', 'Action|Sci-Fi', '2003-10-21'),
(724, 'Simpsons: The Longest Daycare, The', '27.93', 'Animation|Comedy', '1974-03-31'),
(725, 'Life and Times of Hank Greenberg, The', '10.11', 'Documentary', '1979-07-19'),
(726, 'I Love Sarah Jane', '24.34', 'Horror|Romance', '1991-04-23'),
(727, 'Supercondriaque', '12.56', 'Comedy', '2011-06-20'),
(728, 'George & A.J.', '11.91', 'Animation|Children|Comedy', '2019-05-11'),
(729, 'Tremors', '15.71', 'Comedy|Horror|Sci-Fi', '1980-12-12'),
(730, 'Miss Nobody', '13.88', 'Comedy|Crime', '2013-04-01'),
(731, 'Clear and Present Danger', '24.29', 'Action|Crime|Drama|Thriller', '1983-03-29'),
(732, 'Jason X', '26.52', 'Horror|Sci-Fi|Thriller', '1995-04-13'),
(733, 'Graveyard of Honor (Shin jingi no hakaba)', '20.62', 'Action|Crime|Thriller', '1982-03-04'),
(734, 'Ceremony', '22.90', 'Comedy', '1995-04-23'),
(735, 'Capricious Summer (Rozmarné léto)', '28.45', 'Comedy', '2003-05-23'),
(736, 'Rudderless', '19.65', 'Comedy|Drama', '1992-04-10'),
(737, 'Down From the Mountain', '13.77', 'Documentary', '1990-02-22'),
(738, 'March or Die', '12.18', 'Adventure|Drama|Romance|War', '1974-09-30'),
(739, 'Dinner, The (Cena, La)', '24.49', 'Comedy|Drama', '2018-09-28'),
(740, 'Super High Me', '27.59', 'Comedy|Documentary', '1986-03-30'),
(741, 'Masquerade (Gwanghai, Wangyidoen namja)', '12.42', 'Drama', '1973-10-31'),
(742, 'Kiss Me Deadly', '14.18', 'Film-Noir', '1978-08-13'),
(743, 'Moustache, La', '10.55', 'Drama|Mystery|Thriller', '1984-01-13'),
(744, 'Walking on Sunshine', '15.13', 'Musical|Romance', '2021-04-02'),
(745, 'Second Man, The (O Defteros Andras)', '15.19', 'Drama', '2004-10-01'),
(746, 'And the Pursuit of Happiness (La poursuite du bonh', '16.44', 'Documentary', '1977-02-06'),
(747, 'Millennium Actress (Sennen joyû)', '16.77', 'Animation|Drama|Romance', '2001-06-03'),
(748, 'Out of Africa', '21.47', 'Drama|Romance', '2020-03-18'),
(749, 'Toni', '27.93', 'Drama', '1977-10-03'),
(750, 'I Love Sarah Jane', '23.81', 'Horror|Romance', '1988-09-22'),
(751, 'Dark Tower, The', '24.06', 'Drama|Thriller', '1997-12-03'),
(752, 'Road to Wellville, The', '13.47', 'Comedy', '2008-11-09'),
(753, 'Follow Me, Boys!', '21.99', 'Comedy|Drama', '2002-11-15'),
(754, 'Red Line 7000', '28.99', 'Action|Drama', '1990-12-29'),
(755, 'Sapphires, The', '26.78', 'Comedy|Drama|Musical', '1997-11-07'),
(756, 'Mozart''s Sister (Nannerl, la soeur de Mozart)', '28.07', 'Drama|Romance', '2019-01-31'),
(757, 'Dug''s Special Mission', '20.81', 'Animation|Children|Comedy', '2018-07-08'),
(758, 'Blood of a Poet, The (Sang d''un poète, Le)', '22.06', 'Drama|Fantasy', '2003-03-25'),
(759, 'Legend of the Eight Samurai (Satomi hakken-den)', '11.67', 'Action|Adventure|Drama|Fantasy', '2014-10-29'),
(760, '10 Questions for the Dalai Lama', '20.40', 'Documentary', '1998-05-09'),
(761, 'Scavenger Hunt', '18.61', 'Comedy', '1987-08-29'),
(762, 'D.O.A.', '26.17', 'Film-Noir|Mystery|Thriller', '1996-09-04'),
(763, 'Danse: The Paris Opera Ballet, La (La Danse - Le b', '12.32', 'Documentary', '1987-10-16'),
(764, 'Police, Adjective (Politist, adj.)', '14.67', 'Comedy|Crime|Drama', '2006-11-21'),
(765, '3 Ninjas Knuckle Up', '21.94', 'Action|Children', '1975-09-21'),
(766, 'Four Feathers, The', '14.10', 'Adventure|War', '1986-11-09'),
(767, 'Swamp Water', '23.99', 'Drama', '1979-07-28'),
(768, 'Gone Baby Gone', '25.07', 'Crime|Drama|Mystery', '2012-10-22'),
(769, 'Professional, The (Le professionnel)', '24.58', 'Action|Drama|Thriller', '2019-02-16'),
(770, 'Midnight Man', '26.62', 'Action|Drama|Thriller', '2018-05-26'),
(771, 'Autumn Heart, The', '24.91', 'Drama', '2009-06-03'),
(772, 'Me Without You', '22.59', 'Comedy|Drama', '1994-04-10'),
(773, 'Interrupters, The', '16.61', 'Documentary', '2011-06-06'),
(774, 'We Always Lie to Strangers', '14.47', '(no genres listed)', '1977-09-12'),
(775, 'Game of Chance (Onnenpeli)', '13.01', 'Comedy|Drama', '1991-10-09'),
(776, 'Lost City, The', '24.33', 'Drama', '1992-11-01'),
(777, 'Beck - Familjen', '27.81', 'Crime|Mystery|Thriller', '2020-06-06'),
(778, 'Attack of the 50 Foot Woman', '18.10', 'Comedy|Sci-Fi', '1979-06-24'),
(779, 'Apostle Peter and The Last Supper', '22.31', 'Drama', '2021-10-02'),
(780, 'Week-End at the Waldorf', '23.41', 'Comedy|Drama|Romance', '2004-02-09'),
(781, 'C''mon Man', '14.99', 'Comedy', '1988-01-08'),
(782, 'Insidious', '12.11', 'Fantasy|Horror|Thriller', '1989-02-24'),
(783, 'Mark of the Devil (Hexen bis aufs Blut gequält)', '21.26', 'Drama|Horror', '2022-09-06'),
(784, 'Marrying Man, The (Too Hot to Handle)', '27.06', 'Comedy|Romance', '2012-01-10'),
(785, 'Tokyo.Sora', '13.56', 'Drama', '2015-08-28'),
(786, 'Papillon', '11.11', 'Crime|Drama', '1991-08-05'),
(787, 'Cross My Heart', '24.78', 'Comedy|Romance', '1996-09-30'),
(788, 'Rockabilly Vampire', '16.89', 'Comedy|Horror', '1996-11-03'),
(789, 'Two Arabian Knights', '27.86', 'Adventure|Comedy|Romance', '2006-01-21'),
(790, 'Five Minarets in New York (Act of Vengeance) (Terr', '22.56', 'Drama', '2007-06-19'),
(791, 'Institute Benjamenta, or This Dream People Call Hu', '28.51', 'Drama', '1983-06-09'),
(792, 'Boogeyman, The', '28.76', 'Horror', '2018-10-15'),
(793, 'Orlando', '20.23', 'Drama|Fantasy|Romance', '2016-06-15'),
(794, 'Mr. Nobody', '13.25', 'Drama|Fantasy|Romance|Sci-Fi', '1977-12-02'),
(795, 'Rampage', '17.68', 'Action|Crime|Thriller', '1991-08-10'),
(796, 'Battleship', '21.93', 'Action|Sci-Fi|Thriller|IMAX', '1995-06-22'),
(797, 'Island, The (a.k.a. Naked Island) (Hadaka no shima', '25.78', 'Drama', '1991-02-10'),
(798, 'Shinobi No Mono 2: Vengeance (Zoku shinobi no mono', '27.47', 'Action|Drama', '1988-03-12'),
(799, 'Fawlty Towers (1975-1979)', '25.37', 'Comedy', '1988-03-28'),
(800, 'Antarctica', '19.65', 'Adventure|Drama', '1972-05-05'),
(801, 'Big Shot: Confessions of a Campus Bookie', '23.92', 'Drama', '2014-03-02'),
(802, 'Flower & Garnet', '28.55', 'Drama', '1983-02-16'),
(803, 'Rest Stop', '26.56', 'Horror|Thriller', '2004-11-04'),
(804, 'Judge Priest', '22.86', 'Comedy|Drama|Romance', '1987-09-08'),
(805, 'Force 10 from Navarone', '22.92', 'Action|Drama|War', '1974-10-07'),
(806, 'Feuerzangenbowle, Die', '18.06', 'Comedy', '2006-08-26'),
(807, 'Original Sin', '28.86', 'Drama|Romance|Thriller', '2016-05-19'),
(808, 'Great Gatsby, The', '24.47', 'Drama', '1987-08-27'),
(809, 'Margaret', '22.82', 'Drama', '1997-05-11'),
(810, 'Secret of the Grain, The (La graine et le mulet)', '24.69', 'Drama', '2011-10-11'),
(811, 'American Son', '12.65', 'Drama|Romance|War', '2017-08-15'),
(812, 'Nazty Nuisance', '17.10', 'Action|Adventure|Comedy', '1990-04-09'),
(813, 'Glass House, The', '20.40', 'Thriller', '2014-11-25'),
(814, 'Mannequin', '11.69', 'Comedy|Romance', '1978-08-30'),
(815, 'Elmer Gantry', '15.54', 'Drama', '2021-03-04'),
(816, 'So Ends Our Night', '14.24', 'Drama|War', '1991-11-13'),
(817, 'Teenage Mutant Ninja Turtles III', '11.00', 'Action|Adventure|Children|Comedy|Fantasy', '1980-05-12'),
(818, 'Smiley Face', '16.24', 'Comedy', '1994-07-05'),
(819, 'X-Files: I Want to Believe, The', '22.44', 'Drama|Mystery|Sci-Fi|Thriller', '1982-03-28'),
(820, 'Great Ziegfeld, The', '20.17', 'Drama|Musical', '1975-09-19'),
(821, 'American Friends', '22.26', 'Drama|Romance', '2000-06-16'),
(822, 'From One Second to the Next', '26.24', 'Documentary', '2016-04-21'),
(823, 'Van Helsing', '26.73', 'Action|Adventure|Fantasy|Horror', '2010-06-26'),
(824, 'Slammin'' Salmon, The', '22.13', 'Comedy', '1982-05-31'),
(825, 'Fearless Hyena, The (Xiao quan guai zhao)', '20.91', 'Action|Comedy', '2014-09-15'),
(826, 'Craigslist Killer, The ', '26.40', 'Crime|Drama|Thriller', '2007-08-03'),
(827, 'Meilleur espoir féminin', '22.19', '(no genres listed)', '2007-09-02'),
(828, 'Halloween: Resurrection (Halloween 8)', '22.26', 'Horror|Thriller', '1989-06-24'),
(829, 'Tango', '10.06', 'Drama|Musical', '2010-03-26'),
(830, 'Tremors 4: The Legend Begins', '24.77', 'Action|Comedy|Horror|Sci-Fi|Thriller|Western', '2013-02-22'),
(831, 'English Patient, The', '11.46', 'Drama|Romance|War', '2001-09-20'),
(832, 'Great Locomotive Chase, The', '18.47', 'Adventure|War', '1998-06-24'),
(833, 'Heartbreak Hotel', '10.90', 'Comedy', '1982-04-29'),
(834, 'Cowboy Bebop', '23.99', 'Action|Adventure|Animation|Crime|Sci-Fi', '2015-04-24'),
(835, 'Man Of The Moment', '13.44', 'Comedy', '1987-07-07'),
(836, 'Lottery Ticket', '27.02', 'Comedy', '2014-05-27'),
(837, 'Krull', '11.53', 'Action|Adventure|Fantasy|Sci-Fi', '1999-05-01'),
(838, 'Nostalgia for the Light (Nostalgia de la luz)', '18.36', 'Documentary|Drama', '1980-08-24'),
(839, 'Kite Runner, The', '26.42', 'Drama', '2021-04-21'),
(840, 'Possession of Joel Delaney, The', '28.77', 'Drama|Horror|Thriller', '2023-08-10'),
(841, 'Shopping', '21.65', 'Action|Thriller', '2020-07-25'),
(842, 'Red Squirrel, The (Ardilla roja, La)', '24.98', 'Comedy|Drama|Mystery|Romance', '2018-11-23'),
(843, 'Locals, The', '10.68', 'Horror|Thriller', '1990-12-30'),
(844, 'Negotiator, The', '21.88', 'Action|Crime|Drama|Mystery|Thriller', '2017-03-18'),
(845, 'Queen of Hearts', '25.12', 'Comedy|Drama|Romance', '1995-10-12'),
(846, 'Century of Cinema, A', '26.41', 'Documentary', '1990-12-07'),
(847, 'Intended, The', '24.39', 'Drama|Thriller', '1990-08-12'),
(848, 'Marilyn: The Untold Story', '20.44', 'Documentary', '2009-08-26'),
(849, 'Jacknife', '12.14', 'Drama', '2020-02-20'),
(850, 'Hornets'' Nest', '24.84', 'Action|Drama|War', '2005-02-26'),
(851, 'Daisy Miller', '20.08', 'Drama', '1990-04-20'),
(852, 'Crush', '27.14', 'Comedy|Romance', '2001-04-07'),
(853, 'Hooper', '16.96', 'Action|Comedy', '2016-01-13'),
(854, 'Moonlight Serenade', '24.18', 'Musical|Romance', '2010-10-23'),
(855, 'Dying Young', '22.87', 'Drama|Romance', '2005-11-07'),
(856, 'George of the Jungle', '21.38', 'Children|Comedy', '1981-07-29'),
(857, 'Aaron Loves Angela', '16.27', 'Comedy|Drama|Romance|Thriller', '2011-02-04'),
(858, 'Undertow (Contracorriente)', '20.38', 'Drama|Romance', '2020-11-15'),
(859, 'Over Your Dead Body', '22.49', 'Horror', '2014-01-05'),
(860, 'Imitation of Life', '28.91', 'Drama|Romance', '1983-09-11'),
(861, 'Aladdin', '15.58', 'Adventure|Fantasy', '2000-03-24'),
(862, 'Big Doll House, The', '23.65', 'Action', '1975-01-08'),
(863, 'Red Dragon', '11.27', 'Crime|Mystery|Thriller', '1993-08-01'),
(864, 'God''s Comedy (A Comédia de Deus)', '25.55', 'Comedy|Drama', '1982-12-10'),
(865, 'Planet B-Boy', '18.65', 'Documentary', '2011-06-28'),
(866, 'Art and Craft', '25.75', 'Documentary', '1995-04-14'),
(867, 'Bob le Flambeur', '23.90', 'Crime|Drama', '1999-02-15'),
(868, 'Fanny and Alexander (Fanny och Alexander)', '21.11', 'Drama|Fantasy|Mystery', '2022-11-11'),
(869, 'Attack Force Z (a.k.a. The Z Men) (Z-tzu te kung t', '28.84', 'War', '2017-11-21'),
(870, 'The Last Round', '20.38', 'Action|Thriller', '2011-11-14'),
(871, 'Knucklehead', '20.42', 'Comedy|Drama', '1981-08-30'),
(872, 'Inside The X-files', '11.74', 'Documentary', '1997-03-06'),
(873, 'Sweetgrass', '13.49', 'Adventure|Documentary|Western', '2021-02-25'),
(874, 'Frankenstein Meets the Wolf Man', '17.97', 'Horror', '1979-10-08'),
(875, 'Second Time Around, The', '21.08', 'Comedy|Western', '1995-03-29'),
(876, 'The Little Death', '14.19', 'Comedy', '2010-08-12'),
(877, 'Man of the House', '10.02', 'Comedy', '2010-05-23'),
(878, 'Pulp', '21.92', 'Comedy|Thriller', '2008-01-05'),
(879, 'Absent-Minded Professor, The', '26.17', 'Children|Comedy|Fantasy', '1994-12-05'),
(880, 'Accomplices (Complices)', '11.36', 'Crime|Mystery', '1983-10-04'),
(881, 'Woman on Top', '26.11', 'Comedy|Romance', '2015-07-08'),
(882, 'Sex: The Annabel Chong Story', '28.91', 'Documentary', '1995-11-22'),
(883, 'Bully', '13.14', 'Crime|Drama|Thriller', '2000-07-02'),
(884, 'Rent', '28.16', 'Drama|Musical|Romance', '2008-06-11'),
(885, 'Gran Paradiso', '12.22', 'Adventure|Drama|Romance', '2018-03-21'),
(886, 'Misfits, The', '23.13', 'Comedy|Drama|Romance|Western', '1975-08-04'),
(887, 'Stranger, The', '21.41', 'Action', '2017-01-09'),
(888, 'Cheerleader Massacre', '15.29', 'Horror|Thriller', '2009-10-24'),
(889, 'Godzilla vs. Megaguirus (Gojira tai Megagirasu: Jî', '18.22', 'Action|Sci-Fi', '1993-06-22'),
(890, 'In Your Hands (Forbrydelser)', '16.81', 'Drama', '2013-04-12'),
(891, 'Killer Legends', '24.23', 'Crime|Documentary', '2021-04-28'),
(892, 'Fears of the Dark (Peurs du noir)', '24.05', 'Animation|Horror', '2023-05-14'),
(893, 'Hand of Death, The (Shao Lin men)', '11.06', 'Action', '2004-09-14'),
(894, 'Ten Shrews, The (Kymmenen riivinrautaa)', '10.70', 'Comedy', '1985-12-18'),
(895, 'West Beirut (West Beyrouth)', '12.62', 'Drama', '2012-03-26'),
(896, 'Prom Night III: The Last Kiss', '11.23', 'Horror', '1980-09-09'),
(897, 'Ben X', '23.49', 'Drama', '1975-11-05'),
(898, 'Crimson Rivers 2: Angels of the Apocalypse (Rivièr', '17.90', 'Action|Crime|Thriller', '1982-03-20'),
(899, 'Silence, The (Sokout)', '19.96', 'Drama', '1987-04-15'),
(900, 'Lion''s Den (Leonera)', '27.26', 'Drama', '1980-02-03'),
(901, 'The Visitor', '15.86', 'Horror|Sci-Fi', '2022-05-25'),
(902, 'Birth', '11.11', 'Drama|Mystery', '2010-08-28'),
(903, 'In Bed (En la cama)', '22.93', 'Drama', '2021-06-22'),
(904, 'Tasting Menu', '18.31', 'Comedy', '1979-04-24'),
(905, 'Devil Times Five (a.k.a. Peopletoys)', '10.88', 'Horror', '2008-03-05'),
(906, 'Asfour Stah', '10.64', 'Drama', '1997-05-29'),
(907, 'Thirty-Two Short Films About Glenn Gould', '14.85', 'Drama|Musical', '2009-01-15'),
(908, 'Prince of Central Park, The', '13.36', 'Action|Adventure|Drama', '1999-10-06'),
(909, 'Breaking Up', '16.82', 'Comedy|Romance', '2007-11-01'),
(910, 'King Is Dead!, The', '21.41', 'Comedy|Drama|Thriller', '1984-10-17'),
(911, 'Hercules', '20.46', 'Action|Adventure|Fantasy', '1994-11-07'),
(912, 'Street with No Name, The', '22.80', 'Crime|Drama|Film-Noir|Thriller', '1984-02-02'),
(913, 'Antique (Sayangkoldong yangkwajajeom aentikeu)', '19.65', 'Comedy|Drama', '2019-06-25'),
(914, 'Big Deal on Madonna Street (I Soliti Ignoti)', '22.67', 'Comedy|Crime', '2016-01-22'),
(915, 'I Like It Like That', '16.62', 'Comedy|Drama|Romance', '2004-08-14'),
(916, 'Gung Ho', '28.06', 'Comedy|Drama', '2017-09-12'),
(917, 'Reconstituirea (Reconstruction)', '15.18', 'Comedy|Drama', '1980-12-17'),
(918, 'Toughest Man in the World, The', '27.96', 'Comedy|Drama', '1998-12-28'),
(919, 'Simon', '14.20', 'Comedy|Sci-Fi', '2005-07-08'),
(920, 'Kolberg', '26.21', 'Drama|War', '2017-11-07'),
(921, 'Bickford Shmeckler''s Cool Ideas', '11.53', 'Comedy|Romance', '1974-07-11'),
(922, 'Back in the Saddle (Back in the Saddle Again)', '19.66', 'Action|Drama|Western', '2015-01-12'),
(923, 'Invasion of Astro-Monster (Godzilla vs. Monster Ze', '21.15', 'Action|Adventure|Sci-Fi', '2014-10-14'),
(924, 'Indian Summer (a.k.a. Alive & Kicking)', '26.91', 'Comedy|Drama', '1994-12-21'),
(925, 'Arthur', '11.63', 'Comedy', '2007-08-08'),
(926, 'Amistad', '14.39', 'Drama|Mystery', '1982-10-08'),
(927, 'Femme Fatale', '20.16', 'Crime|Thriller', '1992-11-02'),
(928, 'Milk and Honey', '20.78', 'Drama', '2014-02-19'),
(929, 'Down to Earth', '27.60', 'Comedy|Fantasy|Romance', '2002-02-18'),
(930, 'Kisses for My President', '18.50', 'Comedy', '2010-12-18'),
(931, 'Zebrahead', '11.33', 'Drama', '1972-11-30'),
(932, 'Foreign Letters', '12.32', 'Comedy|Drama', '2015-05-24'),
(933, 'Return to House on Haunted Hill', '23.94', 'Horror|Thriller', '2019-09-07'),
(934, 'All the Right Moves', '17.54', 'Drama|Romance', '2001-09-05'),
(935, 'All is Bright', '16.44', 'Comedy|Drama', '1980-06-29'),
(936, 'Find Love', '15.86', 'Romance', '2002-03-25'),
(937, 'Man Who Would Be King, The', '13.64', 'Adventure|Drama', '2021-05-12'),
(938, 'Trilogy: The Weeping Meadow (Trilogia: To livadi p', '27.66', 'Drama|Romance', '1992-05-16'),
(939, 'Ketchup Effect, The (Hip Hip Hora!)', '19.35', 'Drama', '1990-12-02'),
(940, 'Traviata, La', '21.55', 'Drama|Musical', '2004-11-16'),
(941, 'Mrs. Winterbourne', '15.99', 'Comedy|Romance', '1976-03-27'),
(942, 'Village of the Damned', '11.47', 'Horror|Sci-Fi', '2020-09-06'),
(943, 'Prowl', '20.88', 'Horror', '1991-03-26'),
(944, 'Seaside (Bord de Mer)', '27.10', 'Drama', '1985-05-16'),
(945, 'Missile to the Moon', '12.67', 'Sci-Fi', '1973-04-28'),
(946, 'The Brides of Fu Manchu', '23.77', 'Action|Crime|Horror|Sci-Fi', '1999-03-30'),
(947, 'Max Manus', '27.94', 'Action|Drama|War', '1990-07-25'),
(948, 'The Flower', '20.12', '(no genres listed)', '2017-03-13'),
(949, 'Falcon Rising', '11.65', 'Action|Adventure', '1977-06-28'),
(950, 'Saw', '10.00', 'Horror|Mystery|Thriller', '2004-07-27'),
(951, 'Adventures of Prince Achmed, The (Abenteuer des Pr', '16.58', 'Adventure|Animation|Fantasy|Romance', '1988-05-16'),
(952, 'The Sweet Ride', '21.40', 'Drama', '2020-12-30'),
(953, 'City Girl', '20.85', 'Drama|Romance', '1991-04-05'),
(954, 'Memories (Memorîzu)', '25.68', 'Animation|Fantasy|Sci-Fi|Thriller', '2008-12-30'),
(955, 'Radioactive Dreams', '20.40', 'Action|Comedy|Film-Noir|Musical|Sci-Fi', '1979-04-01'),
(956, 'Revenge of the Zombies', '19.35', 'Horror', '2000-10-21'),
(957, 'Clapham Junction', '16.80', 'Drama', '1990-11-08'),
(958, 'Woman of Paris, A', '18.63', 'Drama', '1985-09-08'),
(959, 'Toy, The', '26.04', 'Comedy', '1992-05-31'),
(960, 'Stella', '22.75', 'Drama', '1980-11-13'),
(961, 'Land of Milk and Honey (Pays de cocagne)', '19.78', 'Documentary', '1999-01-04'),
(962, 'Colombiana', '25.61', 'Action|Adventure|Drama|Thriller', '2000-07-12'),
(963, 'Catwalk', '11.76', 'Documentary', '1983-08-29'),
(964, 'Who''s Singin'' Over There? (a.k.a. Who Sings Over T', '26.52', 'Comedy', '2010-11-02'),
(965, 'On the Beach', '24.97', 'Drama', '1977-12-20'),
(966, 'Secret Lives of Dentists, The', '15.06', 'Drama', '1981-06-18'),
(967, 'Stick It', '19.34', 'Comedy', '1979-10-18'),
(968, 'Nude Nuns with Big Guns', '16.24', 'Action|Comedy', '1993-04-04'),
(969, 'Magic', '11.35', 'Drama|Horror|Romance|Thriller', '1972-02-10'),
(970, 'Go', '26.22', 'Comedy|Crime', '2007-10-24'),
(971, 'Doppelganger (Dopperugengâ)', '17.87', 'Comedy|Thriller', '1992-05-24'),
(972, 'Roustabout', '28.96', 'Drama|Musical|Romance', '2007-07-15'),
(973, 'At First Sight', '10.95', 'Drama', '2016-04-12'),
(974, 'I Do', '20.52', 'Drama', '1994-03-08'),
(975, 'Confessions of a Superhero', '11.41', 'Documentary', '2022-05-07'),
(976, 'Louis C.K.: Shameless', '26.49', 'Comedy', '1977-01-21'),
(977, 'Mean Machine', '17.82', 'Comedy|Drama', '2010-02-19'),
(978, 'Attenberg', '12.09', 'Drama', '1975-01-07'),
(979, 'How to Seduce Difficult Women', '11.92', 'Comedy', '2013-06-24'),
(980, 'One Sunday Afternoon', '14.39', 'Comedy|Romance', '2005-01-26'),
(981, 'Rebecca', '12.57', 'Drama|Mystery|Romance|Thriller', '1980-10-27'),
(982, 'The Admirable Crichton', '23.91', 'Comedy', '2014-01-31'),
(983, 'Thieves, The (Dodookdeul)', '26.65', 'Action|Crime', '2015-06-22'),
(984, 'Any Day Now', '11.51', 'Drama', '2021-04-03'),
(985, 'Julie', '13.35', 'Thriller', '1996-01-26'),
(986, 'Lara Croft: Tomb Raider', '20.97', 'Action|Adventure', '1986-11-25'),
(987, 'In a Glass Cage (Tras el cristal)', '26.48', 'Drama|Horror', '2021-03-04'),
(988, 'Trash', '22.99', 'Adventure|Crime|Drama|Thriller', '2006-05-17'),
(989, 'Maniac Cop 2', '25.25', 'Action|Horror|Thriller', '2005-03-14'),
(990, 'Red Line 7000', '18.04', 'Action|Drama', '1988-10-06'),
(991, 'Morphia (Morfiy)', '25.63', 'Drama', '1977-01-13'),
(992, 'Two Moon Junction', '15.68', 'Drama|Romance', '1985-02-06'),
(993, 'Birdy', '20.92', 'Drama|War', '2003-08-16'),
(994, 'Stranded', '12.28', 'Drama|Sci-Fi', '1974-05-12'),
(995, 'Big Chill, The', '24.29', 'Comedy|Drama', '1977-03-09'),
(996, 'Fatal Attraction', '13.95', 'Drama|Thriller', '1978-11-17'),
(997, 'Schwarze Sonne', '22.42', 'Documentary', '2016-02-08'),
(998, 'Loaded', '27.59', 'Action|Crime|Drama|Thriller', '1980-02-06'),
(999, 'Susan Lenox (Her Fall and Rise)', '22.39', 'Adventure|Drama|Romance', '1999-10-02'),
(1000, 'Speed Zone! (a.k.a. Cannonball Run III)', '17.60', 'Action|Comedy', '1978-11-09');

--
-- Structure de la table `T_acheter`
--

CREATE TABLE T_Acheter(
   IDClient INT,
   IDFilm INT,
   DateAchat DATE NOT NULL,
   PRIMARY KEY(IDClient, IDFilm),
   FOREIGN KEY(IDClient) REFERENCES T_Client(IDClient),
   FOREIGN KEY(IDFilm) REFERENCES T_Film(IDFilm)
);



--
-- Contenu de la table `T_acheter`
--

INSERT INTO `T_acheter` (`IDClient`, `IDFilm`, `DateAchat`) VALUES
(790, 555, '2007-05-31'),
(705, 934, '2015-02-07'),
(912, 852, '1979-07-09'),
(641, 430, '1973-03-01'),
(852, 235, '2008-11-15'),
(4, 694, '1976-04-13'),
(134, 894, '2017-11-10'),
(927, 666, '1974-11-21'),
(861, 784, '1978-01-15'),
(448, 62, '2014-07-31'),
(614, 949, '1997-06-12'),
(944, 678, '1978-10-25'),
(843, 145, '2023-08-09'),
(680, 954, '1978-10-23'),
(296, 904, '1989-01-23'),
(981, 428, '1981-04-27'),
(739, 385, '1974-02-06'),
(191, 472, '1994-12-14'),
(961, 683, '2022-05-13'),
(46, 433, '1993-04-03'),
(154, 397, '2008-10-06'),
(587, 92, '2010-08-28'),
(407, 852, '1980-12-31'),
(480, 295, '2004-03-17'),
(297, 76, '1999-07-19'),
(72, 42, '2003-05-24'),
(199, 661, '2018-07-16'),
(379, 390, '2021-01-31'),
(489, 382, '2016-01-10'),
(919, 46, '2016-09-13'),
(66, 112, '1996-02-02'),
(306, 639, '1972-09-06'),
(571, 375, '1991-08-25'),
(34, 38, '2012-09-27'),
(348, 788, '1975-08-22'),
(25, 661, '1996-03-05'),
(322, 152, '1999-03-17'),
(594, 844, '2017-09-21'),
(599, 351, '1987-09-19'),
(662, 329, '1984-10-01'),
(622, 956, '2002-11-05'),
(968, 463, '2020-02-11'),
(983, 545, '1977-02-16'),
(821, 558, '2012-01-02'),
(418, 935, '1980-10-28'),
(198, 576, '1987-11-20'),
(527, 609, '1974-04-21'),
(55, 743, '2019-06-25'),
(567, 470, '1972-08-30'),
(876, 185, '2017-02-12'),
(199, 221, '2005-08-06'),
(555, 707, '1981-01-01'),
(582, 718, '1972-05-23'),
(541, 192, '2022-01-09'),
(18, 276, '2011-09-29'),
(328, 270, '2015-08-20'),
(26, 259, '2009-02-17'),
(920, 191, '2009-06-17'),
(286, 494, '2005-05-31'),
(456, 333, '1972-12-31'),
(780, 744, '1979-07-17'),
(743, 328, '1980-12-20'),
(725, 612, '1990-02-24'),
(756, 746, '1979-03-10'),
(46, 866, '1981-05-22'),
(229, 805, '2003-08-09'),
(168, 681, '1983-05-17'),
(644, 664, '1978-02-13'),
(339, 70, '2020-06-05'),
(791, 20, '1992-11-23'),
(183, 263, '1983-03-12'),
(568, 662, '2002-01-13'),
(886, 523, '1973-01-06'),
(370, 863, '1994-07-23'),
(911, 262, '1983-12-29'),
(29, 798, '1990-07-06'),
(2, 507, '1995-10-07'),
(436, 289, '2011-03-16'),
(204, 394, '2016-12-17'),
(13, 518, '1981-12-29'),
(266, 660, '1978-04-13'),
(69, 276, '1973-11-15'),
(262, 760, '1995-10-13'),
(913, 37, '1973-12-14'),
(941, 444, '1975-02-23'),
(462, 759, '2011-04-08'),
(925, 176, '2010-06-30'),
(439, 74, '1992-09-22'),
(334, 356, '1987-06-04'),
(877, 231, '1989-03-05'),
(596, 434, '1999-01-11'),
(399, 308, '1979-11-21'),
(827, 843, '1991-03-16'),
(806, 527, '1992-02-26'),
(730, 753, '2001-12-28'),
(966, 316, '2001-05-14'),
(287, 546, '1983-10-15'),
(299, 501, '2017-04-14'),
(14, 938, '1975-09-30'),
(839, 636, '1997-01-17'),
(380, 380, '1974-02-01'),
(314, 781, '2008-12-07'),
(145, 51, '2018-03-08'),
(329, 426, '1998-06-29'),
(575, 436, '2018-08-06'),
(773, 202, '2023-05-18'),
(190, 653, '2003-03-18'),
(861, 974, '2003-03-20'),
(525, 457, '2022-11-29'),
(131, 568, '2001-07-30'),
(804, 929, '1981-01-26'),
(991, 910, '2000-02-11'),
(291, 820, '1995-08-12'),
(164, 875, '2020-01-08'),
(175, 121, '2019-07-13'),
(233, 204, '1975-12-20'),
(817, 661, '1982-12-31'),
(676, 757, '2005-02-21'),
(391, 517, '1976-02-07'),
(278, 695, '2001-02-03'),
(512, 843, '1977-08-06'),
(2, 386, '2010-07-26'),
(62, 498, '1973-01-03'),
(491, 795, '1984-02-28'),
(15, 114, '2000-11-16'),
(293, 244, '2018-04-15'),
(23, 905, '1988-09-10'),
(928, 793, '1991-03-24'),
(873, 958, '1976-02-22'),
(750, 271, '1980-05-29'),
(904, 254, '1980-11-22'),
(888, 681, '1993-04-23'),
(9, 877, '1990-08-08'),
(265, 899, '1981-03-15'),
(64, 556, '2014-08-03'),
(172, 718, '1988-12-24'),
(92, 599, '1983-08-25'),
(617, 68, '1991-12-16'),
(398, 965, '2010-07-21'),
(283, 218, '2000-02-21'),
(487, 131, '2006-01-26'),
(136, 237, '1976-06-12'),
(627, 794, '1976-01-19'),
(719, 52, '1973-01-04'),
(843, 874, '2004-07-09'),
(661, 628, '1981-11-25'),
(162, 379, '2012-09-07'),
(368, 608, '2015-12-12'),
(156, 352, '1983-06-15'),
(105, 462, '1979-04-15'),
(330, 479, '1995-03-05'),
(739, 142, '1980-04-26'),
(621, 895, '1997-05-28'),
(958, 722, '1999-11-19'),
(183, 53, '2011-12-14'),
(811, 603, '2000-02-11'),
(184, 928, '2019-09-06'),
(769, 745, '2002-07-21'),
(746, 334, '1976-08-15'),
(768, 920, '1993-01-12'),
(15, 883, '1987-01-08'),
(477, 376, '2006-07-12'),
(17, 772, '1986-11-11'),
(251, 867, '2021-01-07'),
(480, 410, '2017-09-06'),
(698, 898, '1983-05-17'),
(561, 481, '1981-10-21'),
(223, 921, '2001-04-20'),
(61, 156, '1989-02-01'),
(763, 97, '2015-07-19'),
(27, 400, '2003-02-06'),
(843, 441, '2003-12-18'),
(384, 480, '2000-10-24'),
(43, 354, '1991-01-22'),
(722, 379, '1992-08-18'),
(950, 515, '1982-06-28'),
(617, 235, '1996-05-04'),
(870, 85, '1993-12-11'),
(306, 250, '2012-03-06'),
(782, 667, '1997-10-09'),
(406, 270, '2022-07-05'),
(976, 541, '2006-12-16'),
(800, 114, '1991-09-14'),
(143, 376, '1974-10-26'),
(704, 172, '1988-10-25'),
(265, 359, '1990-04-22'),
(57, 457, '1996-10-07'),
(122, 780, '1994-05-19'),
(520, 887, '1976-07-24'),
(805, 534, '1978-11-26'),
(471, 853, '2018-09-21'),
(36, 622, '2017-08-30'),
(728, 437, '1988-06-20'),
(704, 234, '1994-12-01'),
(693, 82, '2008-11-04'),
(749, 425, '2016-02-18'),
(355, 937, '1986-06-25'),
(780, 585, '1975-11-27'),
(49, 635, '2009-07-09'),
(528, 157, '1985-08-27'),
(247, 286, '2022-06-11'),
(921, 831, '1988-04-22'),
(168, 444, '2002-02-06'),
(933, 303, '2015-08-16'),
(401, 145, '1984-04-19'),
(610, 370, '1978-08-15'),
(947, 873, '2006-05-10'),
(335, 406, '1996-06-27'),
(687, 356, '2016-06-18'),
(234, 784, '1987-03-29'),
(479, 869, '1975-02-03'),
(637, 333, '1989-11-10'),
(435, 553, '2009-11-08'),
(259, 262, '2013-09-26'),
(868, 291, '1974-06-05'),
(347, 895, '1987-05-26'),
(193, 141, '2005-06-03'),
(791, 325, '1985-12-25'),
(885, 965, '1973-09-03'),
(664, 92, '2021-10-22'),
(744, 75, '2016-09-04'),
(680, 391, '2011-12-20'),
(666, 473, '2017-03-30'),
(51, 70, '1990-12-25'),
(276, 176, '2012-06-14'),
(234, 737, '1976-10-14'),
(301, 69, '1984-08-24'),
(715, 647, '1982-03-13'),
(478, 685, '1986-01-13'),
(327, 220, '2001-01-10'),
(482, 906, '1989-09-17'),
(900, 647, '1987-05-05'),
(969, 351, '1991-06-08'),
(619, 370, '2012-12-09'),
(635, 652, '2013-05-18'),
(119, 266, '1974-05-04'),
(456, 991, '1989-02-21'),
(539, 439, '2014-10-12'),
(446, 174, '1986-03-02'),
(80, 17, '2006-10-23'),
(33, 619, '2008-11-03'),
(552, 67, '1993-09-16'),
(271, 55, '1992-10-12'),
(791, 356, '1977-06-24'),
(570, 247, '2000-06-10'),
(409, 732, '2006-04-26'),
(677, 967, '1986-05-02'),
(57, 950, '1977-03-22'),
(513, 909, '1987-02-25'),
(898, 54, '1988-03-22'),
(532, 942, '1987-11-01'),
(759, 61, '2010-04-20'),
(276, 164, '1985-05-16'),
(379, 667, '1980-02-04'),
(988, 298, '2005-09-11'),
(173, 922, '1988-11-28'),
(809, 246, '1973-09-20'),
(439, 457, '2012-02-16'),
(195, 553, '2005-04-04'),
(658, 46, '1991-03-22'),
(344, 85, '1975-02-02'),
(941, 162, '2021-07-11'),
(580, 332, '2019-12-28'),
(863, 851, '2018-01-14'),
(906, 718, '1983-08-28'),
(644, 99, '2017-04-22'),
(94, 414, '1986-12-03'),
(556, 225, '1999-10-08'),
(454, 828, '1993-08-02'),
(282, 958, '2013-05-06'),
(383, 412, '1974-09-15'),
(942, 945, '1985-08-27'),
(493, 787, '1976-06-11'),
(916, 112, '1987-08-18'),
(48, 232, '1996-09-30'),
(497, 320, '1988-07-22'),
(975, 345, '1971-10-14'),
(848, 226, '1974-07-13'),
(854, 682, '2006-02-21'),
(497, 722, '1982-02-26'),
(379, 488, '2017-06-18'),
(579, 263, '2003-06-14'),
(318, 924, '2004-12-29'),
(464, 238, '1989-02-19'),
(101, 832, '1974-02-12'),
(427, 275, '1981-08-06'),
(800, 898, '2019-09-02'),
(289, 790, '2008-08-21'),
(72, 445, '1972-02-05'),
(459, 343, '1993-06-01'),
(312, 959, '1993-05-08'),
(17, 856, '1982-09-21'),
(494, 774, '2018-03-12'),
(862, 775, '2012-09-16'),
(385, 190, '1987-03-25'),
(859, 662, '2023-08-09'),
(956, 409, '1971-11-12'),
(329, 397, '1990-02-17'),
(58, 747, '2005-01-31'),
(716, 669, '1981-12-12'),
(348, 425, '2021-02-07'),
(964, 882, '1979-01-17'),
(136, 884, '1998-02-22'),
(298, 410, '1993-05-21'),
(481, 314, '1977-02-23'),
(966, 633, '2022-05-20'),
(994, 586, '1972-09-26'),
(141, 958, '1990-10-18'),
(573, 576, '1976-07-03'),
(535, 372, '2003-04-28'),
(123, 752, '1993-02-26'),
(546, 397, '1986-04-15'),
(526, 754, '1998-01-03'),
(594, 368, '2013-11-09'),
(608, 242, '1980-01-06'),
(622, 39, '2011-10-17'),
(49, 447, '1977-04-25'),
(822, 721, '1986-10-24'),
(614, 943, '2018-07-28'),
(140, 591, '1986-09-24'),
(676, 965, '1995-02-05'),
(163, 715, '1997-07-21'),
(192, 32, '2000-08-02'),
(393, 200, '1993-01-21'),
(266, 107, '2014-07-24'),
(287, 938, '2013-06-12'),
(755, 512, '2020-07-20'),
(984, 839, '1993-01-26'),
(260, 930, '1997-11-10'),
(137, 318, '2018-04-07'),
(181, 610, '2004-06-07'),
(154, 420, '1998-05-16'),
(124, 707, '1981-11-14'),
(710, 531, '2008-09-22'),
(259, 677, '1977-07-20'),
(193, 822, '2019-05-08'),
(946, 165, '2000-11-19'),
(400, 47, '2018-09-20'),
(87, 678, '1993-12-29'),
(545, 429, '1979-01-29'),
(612, 212, '2010-10-29'),
(803, 311, '1989-11-14'),
(556, 859, '1981-08-01'),
(871, 955, '2016-10-12'),
(879, 540, '1981-12-04'),
(900, 575, '1979-05-18'),
(437, 683, '1977-06-11'),
(348, 680, '1985-01-08'),
(714, 728, '1979-05-15'),
(530, 878, '2002-09-21'),
(192, 690, '1981-03-11'),
(960, 716, '2012-05-09'),
(591, 769, '2013-03-17'),
(707, 631, '2005-05-04'),
(241, 516, '1999-03-18'),
(999, 161, '1980-03-19'),
(464, 614, '1980-03-30'),
(504, 972, '1983-04-28'),
(51, 98, '2021-05-11'),
(507, 749, '2018-11-04'),
(763, 713, '2015-01-25'),
(72, 733, '1975-05-14'),
(504, 647, '2003-03-19'),
(12, 578, '2003-04-04'),
(716, 480, '1983-09-29'),
(715, 664, '2019-11-20'),
(859, 680, '2010-12-04'),
(992, 24, '2011-04-14'),
(433, 413, '1998-06-01'),
(175, 972, '1992-11-25'),
(571, 117, '2004-06-24'),
(368, 388, '1982-06-20'),
(403, 761, '1974-12-18'),
(138, 459, '2013-12-22'),
(629, 119, '1998-03-26'),
(927, 709, '1990-08-26'),
(998, 891, '1977-10-22'),
(403, 468, '2014-11-05'),
(343, 534, '2010-05-24'),
(185, 389, '2019-01-18'),
(414, 202, '1975-12-30'),
(409, 252, '1980-11-13'),
(286, 564, '1998-01-23'),
(867, 5, '1984-12-08'),
(900, 642, '1990-02-20'),
(869, 463, '2003-11-06'),
(145, 954, '2011-02-12'),
(450, 432, '1976-05-25'),
(272, 316, '2005-10-02'),
(939, 238, '2008-04-10'),
(896, 140, '1996-12-28'),
(458, 52, '1985-03-13'),
(712, 517, '2009-12-23'),
(719, 319, '2019-03-13'),
(620, 381, '1990-03-20'),
(23, 389, '1979-07-07'),
(909, 880, '2003-08-12'),
(96, 274, '2020-07-12'),
(451, 879, '1983-09-14'),
(121, 198, '1984-02-14'),
(367, 318, '1976-09-05'),
(386, 174, '1978-10-18'),
(457, 731, '2016-09-24'),
(305, 579, '2010-01-07'),
(951, 955, '1997-07-07'),
(29, 859, '2000-04-19'),
(95, 22, '2011-09-03'),
(501, 585, '1999-02-13'),
(251, 332, '2016-05-29'),
(820, 27, '1979-11-18'),
(870, 188, '1972-03-21'),
(929, 639, '1972-07-06'),
(209, 368, '2021-02-28'),
(128, 859, '2007-01-17'),
(197, 988, '1990-11-12'),
(419, 84, '2003-08-09'),
(38, 386, '2016-08-01'),
(768, 697, '1998-11-02'),
(308, 163, '1983-12-10'),
(698, 57, '2015-08-28'),
(653, 940, '2002-02-08'),
(865, 429, '1973-06-07'),
(852, 28, '2005-02-28'),
(381, 625, '1974-01-26'),
(765, 32, '1991-12-19'),
(47, 122, '2018-01-19'),
(722, 875, '1997-03-20'),
(924, 21, '1976-02-20'),
(705, 920, '1987-03-31'),
(671, 836, '1990-03-05'),
(86, 437, '2016-05-29'),
(624, 829, '1994-12-15'),
(15, 468, '2006-10-22'),
(329, 556, '1987-01-21'),
(729, 162, '1997-09-15'),
(111, 443, '1973-06-15'),
(721, 76, '2023-06-20'),
(106, 664, '2006-09-26'),
(29, 149, '1998-01-11'),
(989, 874, '1995-10-19'),
(782, 450, '1991-01-02'),
(525, 420, '2018-07-04'),
(862, 382, '2022-09-07'),
(81, 567, '2013-11-15'),
(996, 683, '2020-06-20'),
(828, 469, '2001-01-28'),
(347, 964, '2002-01-23'),
(394, 571, '2015-04-08'),
(531, 902, '1976-01-06'),
(278, 991, '2017-02-03'),
(210, 328, '1976-02-27'),
(939, 309, '1982-06-13'),
(907, 980, '2002-08-24'),
(598, 294, '1984-12-22'),
(436, 653, '1999-05-03'),
(18, 495, '2013-12-01'),
(155, 391, '1989-03-14'),
(970, 254, '1982-01-27'),
(945, 837, '2013-05-28'),
(687, 577, '2018-11-11'),
(116, 895, '2003-03-08'),
(337, 274, '2014-08-31'),
(501, 412, '1972-06-14'),
(38, 770, '2016-12-15'),
(672, 22, '1977-04-05'),
(959, 748, '2021-01-30'),
(678, 295, '2020-09-11'),
(410, 583, '1986-08-29'),
(600, 596, '2009-02-22'),
(828, 883, '2015-03-17'),
(311, 439, '1998-05-04'),
(136, 762, '2022-05-03'),
(846, 319, '2023-07-29'),
(636, 916, '1999-03-31'),
(978, 686, '2016-06-16'),
(926, 836, '2007-05-12'),
(954, 482, '1981-10-16'),
(27, 656, '1975-05-15'),
(55, 898, '2011-12-09'),
(79, 774, '1993-04-12'),
(407, 745, '1986-08-31'),
(18, 983, '1974-03-31'),
(823, 410, '1973-06-06'),
(15, 323, '2013-08-02'),
(889, 848, '1985-07-01'),
(839, 858, '1989-10-08'),
(848, 404, '2020-03-05'),
(285, 531, '2007-03-02'),
(507, 910, '1992-07-13'),
(963, 726, '2019-12-21'),
(855, 974, '1975-06-22'),
(126, 970, '1993-05-07'),
(866, 537, '2003-06-21'),
(526, 29, '1975-01-27'),
(153, 330, '2005-03-26'),
(17, 384, '2018-03-24'),
(358, 266, '2003-08-27'),
(924, 470, '1999-04-04'),
(310, 190, '1986-08-04'),
(221, 384, '1995-08-20'),
(902, 863, '2006-01-06'),
(86, 410, '2008-07-09'),
(713, 105, '1979-10-08'),
(466, 832, '2000-07-26'),
(928, 128, '1983-09-01'),
(571, 221, '1997-01-02'),
(836, 216, '1976-06-25'),
(563, 73, '1973-03-04'),
(438, 329, '1993-12-01'),
(794, 561, '1974-12-18'),
(30, 110, '2014-07-24'),
(121, 386, '2016-03-05'),
(512, 306, '2019-04-11'),
(790, 931, '1988-03-25'),
(80, 285, '1980-06-29'),
(490, 552, '2016-10-26'),
(822, 200, '2006-01-11'),
(770, 198, '1997-01-25'),
(497, 275, '2007-08-29'),
(950, 607, '1998-06-04'),
(260, 298, '2003-05-31'),
(171, 176, '2007-04-20'),
(852, 351, '1991-12-30'),
(211, 177, '1988-09-07'),
(442, 152, '1979-12-12'),
(156, 934, '1990-08-18'),
(637, 447, '1992-09-12'),
(250, 919, '1986-06-26'),
(609, 573, '1982-05-06'),
(811, 761, '1972-03-31'),
(560, 24, '1997-01-21'),
(753, 441, '1974-02-17'),
(521, 406, '2014-01-07'),
(109, 305, '2021-08-02'),
(488, 366, '2016-08-13'),
(222, 320, '1981-07-24'),
(411, 315, '2005-01-27'),
(1, 10, '1977-11-24'),
(858, 681, '1986-07-30'),
(989, 315, '1981-04-18'),
(899, 811, '1996-08-27'),
(268, 494, '1996-03-13'),
(611, 129, '1997-02-21'),
(868, 819, '2014-10-16'),
(676, 607, '2011-12-08'),
(177, 245, '1990-07-24'),
(667, 35, '2010-01-30'),
(879, 461, '1987-07-27'),
(109, 327, '1976-07-19'),
(4, 685, '1985-07-25'),
(358, 403, '1981-11-08'),
(762, 882, '2022-09-13'),
(869, 493, '1992-11-08'),
(898, 133, '2012-04-29'),
(716, 562, '1996-12-13'),
(840, 538, '2010-09-29'),
(125, 828, '1972-09-15'),
(481, 623, '1995-04-21'),
(503, 979, '1998-06-21'),
(545, 504, '2007-08-25'),
(624, 365, '1983-06-02'),
(540, 11, '2006-07-25'),
(942, 366, '1987-08-11'),
(865, 244, '1986-09-23'),
(678, 744, '1991-05-09'),
(475, 358, '1992-01-24'),
(979, 936, '1977-05-17'),
(448, 83, '2015-07-15'),
(279, 319, '1977-05-17'),
(487, 996, '1989-02-03'),
(398, 373, '1987-08-25'),
(453, 307, '2011-01-01'),
(349, 540, '2020-06-13'),
(954, 432, '1974-06-20'),
(671, 800, '2006-03-26'),
(382, 794, '1987-06-17'),
(259, 647, '2007-01-09'),
(186, 760, '1997-07-03'),
(1, 70, '2022-12-15'),
(448, 286, '2002-10-23'),
(398, 973, '1988-07-14'),
(459, 597, '1994-09-09'),
(737, 332, '1974-10-07'),
(422, 157, '2022-02-17'),
(944, 910, '2003-10-03'),
(108, 925, '2000-10-01'),
(458, 30, '1973-03-22'),
(152, 150, '1999-02-10'),
(570, 476, '1976-10-05'),
(652, 704, '1972-10-20'),
(977, 348, '1974-09-15'),
(165, 97, '1973-01-12'),
(571, 338, '1991-12-26'),
(600, 993, '2011-06-15'),
(410, 686, '2005-07-31'),
(412, 401, '1983-06-19'),
(840, 820, '1998-10-27'),
(60, 681, '2009-07-30'),
(99, 340, '1979-10-27'),
(46, 406, '2007-08-27'),
(78, 471, '2014-03-08'),
(1, 214, '1986-09-17'),
(806, 860, '1989-06-18'),
(489, 672, '2004-04-24'),
(374, 547, '2005-11-06'),
(726, 524, '1978-04-14'),
(437, 130, '1994-07-18'),
(247, 339, '2019-10-27'),
(458, 233, '1992-07-04'),
(842, 611, '2007-09-17'),
(91, 675, '2010-02-07'),
(866, 33, '2004-12-25'),
(417, 332, '1984-03-02'),
(866, 936, '1984-06-12'),
(653, 351, '2011-02-26'),
(274, 699, '2007-08-03'),
(447, 644, '1978-10-20'),
(72, 976, '1996-07-02'),
(603, 544, '2017-01-14'),
(992, 330, '1983-09-14'),
(987, 529, '1991-05-13'),
(462, 869, '1993-04-17'),
(307, 843, '1983-11-22'),
(807, 282, '2005-05-03'),
(31, 496, '1983-02-13'),
(124, 396, '1981-07-03'),
(592, 102, '2016-08-30'),
(941, 925, '1980-07-02'),
(102, 397, '2014-02-26'),
(156, 617, '2020-07-23'),
(807, 962, '2022-11-05'),
(581, 42, '2016-09-04'),
(994, 987, '1985-02-12'),
(244, 750, '1991-09-12'),
(269, 895, '2018-08-17'),
(625, 668, '2010-11-09'),
(480, 79, '2002-07-01'),
(561, 977, '2001-06-23'),
(596, 408, '2020-07-30'),
(216, 66, '2001-04-20'),
(862, 83, '1984-12-30'),
(581, 451, '1979-07-13'),
(999, 6, '2003-03-17'),
(358, 701, '2006-09-14'),
(297, 156, '2004-05-19'),
(695, 452, '2016-12-14'),
(301, 367, '1987-12-20'),
(850, 798, '1975-05-08'),
(308, 597, '1984-07-22'),
(238, 570, '1999-12-01'),
(916, 808, '1989-01-31'),
(973, 131, '1979-09-26'),
(890, 620, '1975-01-26'),
(79, 329, '1996-04-13'),
(589, 874, '2005-05-31'),
(183, 924, '2001-08-18'),
(776, 438, '2014-07-14'),
(996, 444, '2021-12-09'),
(981, 369, '2019-04-21'),
(485, 101, '1985-08-21'),
(766, 200, '1977-05-07'),
(7, 27, '2009-04-27'),
(177, 205, '1995-06-23'),
(298, 639, '1976-10-10'),
(575, 731, '1980-12-13'),
(938, 333, '2011-06-11'),
(486, 105, '1986-06-07'),
(456, 372, '1998-01-03'),
(43, 574, '2021-11-25'),
(840, 438, '1987-10-23'),
(402, 501, '1988-05-19'),
(538, 738, '1972-03-13'),
(961, 415, '2015-06-30'),
(899, 569, '1975-10-01'),
(622, 311, '1984-06-21'),
(139, 688, '1979-06-04'),
(417, 492, '1990-12-03'),
(837, 236, '1994-07-14'),
(113, 89, '2006-02-04'),
(820, 751, '2018-07-28'),
(574, 401, '1999-08-24'),
(166, 799, '1984-04-26'),
(458, 10, '2001-12-05'),
(248, 161, '2017-10-02'),
(757, 613, '1973-06-30'),
(852, 938, '1991-05-11'),
(137, 67, '1976-03-11'),
(63, 945, '1995-07-22'),
(584, 115, '2005-10-31'),
(246, 635, '1985-01-02'),
(999, 52, '2003-05-23'),
(952, 663, '1978-08-05'),
(89, 106, '1985-05-21'),
(776, 621, '1973-01-18'),
(379, 384, '1976-09-05'),
(244, 495, '1997-09-11'),
(818, 822, '1984-05-05'),
(972, 484, '1996-12-10'),
(166, 205, '2005-12-19'),
(945, 442, '2016-12-16'),
(30, 836, '1991-02-09'),
(191, 298, '1987-05-02'),
(938, 14, '1987-11-27'),
(732, 731, '1997-07-30'),
(5, 298, '1986-08-07'),
(77, 945, '1982-12-01'),
(865, 560, '2001-11-14'),
(382, 785, '2016-06-18'),
(515, 247, '1989-04-21'),
(411, 802, '1985-07-15'),
(685, 424, '2015-02-12'),
(883, 309, '1999-05-30'),
(919, 340, '1977-07-24'),
(859, 273, '1991-07-26'),
(225, 666, '1984-10-09'),
(46, 403, '2020-02-23'),
(334, 580, '1981-01-22'),
(372, 204, '2015-06-07'),
(923, 532, '1999-04-21'),
(901, 334, '1978-12-17'),
(494, 385, '1983-04-08'),
(351, 404, '2008-01-09'),
(44, 854, '2010-12-17'),
(998, 528, '2009-02-27'),
(719, 593, '1976-11-14'),
(809, 145, '1980-11-25'),
(129, 573, '1989-10-17'),
(657, 775, '2022-07-22'),
(334, 922, '1973-09-18'),
(558, 691, '2020-08-25'),
(754, 280, '2011-11-16'),
(329, 530, '2019-01-11'),
(796, 527, '1974-12-25'),
(590, 782, '1984-06-17'),
(211, 736, '1997-10-27'),
(338, 271, '2003-06-24'),
(752, 418, '1973-12-23'),
(849, 88, '1997-06-22'),
(957, 180, '1994-04-18'),
(88, 522, '2003-02-26'),
(824, 85, '2016-05-04'),
(446, 541, '1991-05-24'),
(613, 594, '2010-09-11'),
(889, 273, '1987-02-25'),
(225, 824, '2012-06-19'),
(166, 816, '1984-01-02'),
(146, 521, '1998-12-26'),
(270, 822, '2023-06-13'),
(304, 677, '2004-10-27'),
(212, 392, '1989-04-09'),
(669, 731, '2002-01-28'),
(958, 15, '2008-03-11'),
(557, 376, '1992-05-27'),
(601, 706, '2010-04-30'),
(224, 830, '1995-10-25'),
(456, 407, '1994-10-18'),
(356, 206, '1976-02-28'),
(853, 2, '2002-05-25'),
(202, 559, '1979-10-14'),
(829, 942, '1989-04-01'),
(125, 879, '1978-11-10'),
(711, 766, '1978-07-18'),
(992, 67, '2019-07-29'),
(50, 791, '1994-10-10'),
(828, 753, '2013-05-31'),
(280, 862, '2005-07-29'),
(36, 161, '1989-03-25'),
(106, 772, '1972-05-20'),
(545, 843, '1999-07-28'),
(878, 63, '2019-09-30'),
(420, 497, '2012-10-24'),
(652, 90, '1985-11-17'),
(719, 415, '1996-01-14'),
(465, 720, '1973-05-07'),
(864, 418, '2017-07-08'),
(966, 777, '2016-02-22'),
(9, 716, '1995-11-22'),
(442, 722, '1986-11-24'),
(225, 836, '2012-02-13'),
(218, 492, '1979-08-15'),
(14, 221, '2011-05-25'),
(570, 387, '1988-11-29'),
(651, 416, '1984-04-24'),
(234, 910, '2013-08-13'),
(509, 836, '2023-06-10'),
(734, 725, '2013-03-19'),
(316, 245, '2013-05-10'),
(113, 933, '2009-05-25'),
(872, 533, '2016-12-25'),
(822, 591, '2005-06-09'),
(980, 940, '1992-05-07'),
(995, 270, '2017-07-01'),
(466, 358, '1982-01-13'),
(272, 558, '1977-10-03'),
(547, 621, '2006-09-13'),
(548, 424, '2022-09-28'),
(144, 934, '1983-05-22'),
(824, 279, '1972-01-25'),
(864, 211, '2023-05-28'),
(254, 56, '1998-03-17'),
(717, 597, '1984-07-26'),
(120, 473, '1981-04-02'),
(925, 361, '2023-08-18'),
(928, 110, '2003-07-17'),
(908, 128, '2007-11-13'),
(696, 66, '1981-09-01'),
(166, 578, '2022-07-25'),
(854, 465, '1991-01-21'),
(975, 939, '1973-01-31'),
(213, 39, '2013-03-08'),
(592, 917, '1979-02-02'),
(877, 920, '1991-04-25'),
(548, 707, '1976-05-05'),
(496, 836, '2010-02-10'),
(273, 398, '1983-08-02'),
(960, 174, '2021-01-12'),
(126, 36, '1997-06-16'),
(57, 405, '1998-03-31'),
(247, 904, '2010-07-16'),
(907, 220, '1999-09-21'),
(290, 74, '1972-12-19'),
(950, 701, '2003-09-12'),
(618, 581, '2008-04-06'),
(824, 529, '1996-04-18'),
(679, 38, '2001-04-12'),
(59, 529, '1984-10-15'),
(128, 379, '2021-12-12'),
(974, 556, '1998-08-20'),
(387, 854, '1974-02-23'),
(599, 632, '1976-12-22'),
(706, 719, '2015-04-14'),
(253, 548, '1990-02-27'),
(386, 412, '1982-08-21'),
(250, 534, '1977-06-28'),
(974, 814, '2022-01-20'),
(298, 717, '2019-03-29'),
(324, 69, '2011-07-16'),
(42, 636, '1983-09-05'),
(812, 435, '1999-07-19'),
(804, 903, '1981-02-14'),
(618, 112, '2000-10-17'),
(393, 809, '1976-07-25'),
(246, 770, '1999-03-03'),
(505, 315, '1993-02-18'),
(617, 472, '1996-03-13'),
(475, 580, '1998-07-03'),
(325, 467, '1977-05-05'),
(155, 440, '2007-06-23'),
(791, 903, '1989-05-17'),
(171, 32, '1987-09-01'),
(841, 736, '1980-10-06'),
(745, 331, '1974-01-19'),
(684, 778, '1975-01-16'),
(237, 672, '1975-12-29'),
(373, 461, '1993-10-13'),
(343, 339, '1992-01-18'),
(890, 893, '1997-07-25'),
(137, 303, '1974-04-02'),
(835, 953, '2007-05-08'),
(17, 489, '2023-03-30'),
(739, 433, '1975-12-01'),
(281, 319, '1976-12-15'),
(522, 300, '1984-09-05'),
(741, 56, '1990-02-02'),
(221, 849, '1980-07-22'),
(932, 805, '1976-09-25'),
(399, 148, '1972-07-10'),
(91, 56, '1987-11-06'),
(358, 274, '1973-12-16'),
(238, 629, '2017-02-02'),
(953, 534, '1980-12-31'),
(316, 764, '1991-03-06'),
(418, 16, '1995-08-23'),
(194, 902, '1979-11-28'),
(534, 921, '1996-03-02'),
(512, 381, '1980-04-30'),
(630, 138, '1998-08-12'),
(183, 964, '2017-03-15'),
(188, 34, '1995-10-03'),
(459, 263, '1985-05-06'),
(558, 764, '2019-12-28'),
(516, 66, '2016-12-03'),
(468, 217, '1989-03-26'),
(858, 748, '2007-07-11'),
(112, 860, '2022-06-10'),
(922, 418, '1994-12-12'),
(108, 782, '1976-12-31'),
(39, 387, '2019-12-31'),
(909, 746, '2007-05-01'),
(670, 758, '2011-12-01'),
(439, 425, '2000-10-26'),
(344, 323, '1972-08-30'),
(357, 622, '2020-11-14'),
(332, 472, '1974-03-29'),
(510, 613, '2021-05-26'),
(894, 156, '2021-12-27'),
(887, 501, '1997-02-06'),
(799, 629, '1973-09-06'),
(589, 187, '2003-01-20'),
(412, 554, '1995-07-10'),
(648, 580, '1980-11-04'),
(859, 874, '2000-02-04'),
(818, 38, '1996-05-20'),
(189, 470, '2007-07-22'),
(920, 440, '1989-01-31'),
(724, 628, '1980-10-30'),
(534, 300, '2012-12-12'),
(186, 220, '2019-03-25'),
(197, 758, '1983-08-08'),
(627, 772, '2003-01-14'),
(943, 683, '2003-03-24'),
(216, 976, '2006-06-11'),
(618, 528, '1978-03-09'),
(371, 338, '2009-12-28'),
(95, 716, '1986-06-20'),
(329, 256, '1975-08-05'),
(317, 57, '1981-04-24'),
(490, 144, '2004-10-20'),
(177, 480, '2022-08-31'),
(183, 28, '2016-04-15'),
(285, 358, '2012-04-09'),
(200, 608, '2001-12-21'),
(456, 136, '1979-03-27'),
(584, 911, '1982-03-14'),
(476, 504, '2017-01-03'),
(709, 201, '1984-09-16'),
(797, 956, '1977-11-05'),
(35, 953, '1981-07-07'),
(614, 892, '1992-01-12'),
(189, 788, '2008-11-11'),
(528, 302, '2008-05-27'),
(249, 608, '2006-01-02'),
(463, 710, '2017-02-19'),
(784, 98, '1993-05-20'),
(847, 162, '1987-11-02'),
(525, 950, '1978-03-17'),
(777, 170, '2011-03-19'),
(301, 931, '2000-10-07'),
(971, 346, '2019-08-05'),
(759, 13, '1998-11-02'),
(357, 473, '2012-07-24'),
(294, 721, '2011-01-07'),
(851, 904, '1987-09-08'),
(403, 540, '1987-12-31'),
(81, 557, '2014-07-19'),
(176, 730, '2009-01-06'),
(835, 277, '2010-01-24'),
(360, 90, '2011-12-24'),
(994, 591, '1996-04-24'),
(651, 285, '2021-06-29'),
(216, 806, '2017-01-17'),
(369, 917, '1973-07-12'),
(748, 578, '2020-07-17'),
(224, 631, '1987-11-25'),
(644, 465, '1986-08-01'),
(833, 444, '1981-10-15'),
(299, 443, '1983-06-19'),
(951, 935, '1989-09-01'),
(394, 495, '2020-12-31'),
(107, 460, '2023-04-03'),
(316, 32, '2004-12-14'),
(71, 719, '1979-09-03'),
(465, 514, '2005-04-10'),
(970, 107, '2018-12-05'),
(87, 383, '1977-09-16'),
(585, 65, '2005-02-01'),
(837, 357, '1976-01-17'),
(394, 179, '2001-03-14'),
(227, 498, '2000-08-24'),
(820, 761, '1980-07-15'),
(694, 620, '1988-03-23'),
(302, 218, '1984-01-24'),
(24, 345, '1974-06-24'),
(20, 628, '1974-02-22'),
(580, 266, '1991-09-13'),
(313, 30, '1986-03-02'),
(96, 963, '2007-12-18'),
(588, 11, '2016-05-09'),
(795, 959, '2021-05-29'),
(441, 758, '1975-08-18'),
(729, 753, '1974-04-22'),
(133, 904, '2009-11-20'),
(675, 817, '2020-01-16'),
(952, 729, '1980-11-19'),
(925, 54, '1982-04-19'),
(906, 277, '1984-05-07'),
(421, 808, '2008-01-26'),
(261, 918, '2014-09-07'),
(82, 180, '2011-07-21'),
(159, 309, '1992-11-21'),
(949, 272, '2004-01-30'),
(324, 463, '2017-09-05'),
(365, 166, '1977-10-08'),
(462, 265, '1997-12-28'),
(747, 471, '1999-04-23'),
(599, 967, '1997-05-26'),
(312, 868, '2008-05-15'),
(716, 355, '2004-06-06'),
(395, 517, '2021-09-29'),
(837, 194, '2007-05-22');

--
-- AUTO_INCREMENT pour les tables exportées
--

--
-- AUTO_INCREMENT pour la table `T_client`
--
ALTER TABLE `T_client`
MODIFY `IDClient` int(11) NOT NULL AUTO_INCREMENT,AUTO_INCREMENT=1001;
--
-- AUTO_INCREMENT pour la table `T_film`
--
ALTER TABLE `T_film`
MODIFY `IDFilm` int(11) NOT NULL AUTO_INCREMENT,AUTO_INCREMENT=1001;

